paper_id,paper_section,version,subject_raw,subject_code,subject_trend_only,object_raw,object_code,rel_raw,rel_exists,rel_direction,rel_valence,rel_conditionality_raw,rel_conditionality_code,rel_uncertainty_raw,rel_uncertainty_code,rel_exists_note,effect_raw,effect_metric,effect_magnitude,effect_error_metric,effect_error_magnitude,source_locus,source_citation_raw,method_raw,method_type,causal_inference_level,geographic_scope_raw,geographic_scope_code,temporal_scope_raw,temporal_scope_code,population_raw,population_code
ashwal2015,Results,v0.2.0-alpha,"""previous VBAC""",prior_successful_vbac,No,"""successful VBAC""",vbac_success,"""previous VBAC (2.77, 1.60-4.78, P<0.001)""",Yes,Subject→Object,Positive,"""Israeli tertiary hospital cohort with single low-transverse CS""",Population-specific,"""significantly""",Asserted,,"""OR 2.77 (1.60-4.78), p<0.001""",odds ratio,2.77,95% CI,1.60-4.78,Original to this study,,"""Multivariable logistic regression""",Statistical modelling,Association,"""Helen Schneider Hospital for Women, Rabin Medical Center, Petach Tikva, Israel""",Country,"""January 2010 to December 2014""",multi-year,"""1,767 women with prior single low-transverse CS attempting vaginal delivery; estimated fetal weight <4000g excluded""",Human
ashwal2015,Results,v0.2.0-alpha,"""prior vaginal delivery prior to the CS""",prior_vaginal_birth,No,"""successful VBAC""",vbac_success,"""prior vaginal delivery prior to the CS (3.05, 1.73-5.39, P<0.001)""",Yes,Subject→Object,Positive,"""Israeli tertiary hospital""",Population-specific,"""significantly""",Asserted,,"""OR 3.05 (1.73-5.39), p<0.001""",odds ratio,3.05,95% CI,1.73-5.39,Original to this study,,"""Multivariable logistic regression""",Statistical modelling,Association,"""Israel""",Country,"""2010–2014""",multi-year,"""1,767 women attempting TOLAC""",Human
ashwal2015,Results,v0.2.0-alpha,"""induction of labor""",induction_of_labour,No,"""successful VBAC""",vbac_success,"""induction of labor (0.62, 0.40-0.97, P=0.03)""",Yes,Subject→Object,Negative,"""Israeli tertiary hospital, single TOLAC protocol""",Population-specific,"""significantly""",Asserted,,"""OR 0.62 (0.40-0.97), p=0.03""",odds ratio,0.62,95% CI,0.40-0.97,Original to this study,,"""Multivariable logistic regression""",Statistical modelling,Association,"""Israel""",Country,"""2010–2014""",multi-year,"""1,767 women attempting TOLAC""",Human
ashwal2015,Results,v0.2.0-alpha,"""interval from prior CS""",inter_delivery_interval,No,"""successful VBAC""",vbac_success,"""interval from prior CS (1.13, 1.04-1.22, P=0.004)""",Yes,Subject→Object,Positive,"""multivariable adjustment""",Temporal,"""significantly""",Asserted,"""[FLAG] Multivariate OR 1.13 suggests longer interval = more success, but bivariate showed failed group had LONGER interval (5.07 vs 3.71 yr). Likely confounded by parity/prior VBAC. Reported relationship as stated by authors.""","""OR 1.13 (1.04-1.22), p=0.004 per year""",odds ratio per year,1.13,95% CI,1.04-1.22,Original to this study,,"""Multivariable logistic regression""",Statistical modelling,Association,"""Israel""",Country,"""2010–2014""",multi-year,"""1,767 women attempting TOLAC""",Human
ashwal2015,Results,v0.2.0-alpha,"""previous CS for recurring reason""",prior_caesarean_indication_recurring,No,"""successful VBAC""",vbac_success,"""Previous CS for recurring reason 0.52 (0.35-0.80) 0.003""",Yes,Subject→Object,Negative,"""Israeli tertiary hospital""",Unconditional,"""significantly""",Asserted,,"""OR 0.52 (0.35-0.80), p=0.003""",odds ratio,0.52,95% CI,0.35-0.80,Original to this study,,"""Multivariable logistic regression""",Statistical modelling,Association,"""Israel""",Country,"""2010–2014""",multi-year,"""1,767 women attempting TOLAC""",Human
ashwal2015,Results,v0.2.0-alpha,"""maternal age""",maternal_age,No,"""successful VBAC""",vbac_success,"""Maternal age* 0.98 (0.94-1.02) 0.29""",No,Subject→Object,Indeterminate,"""multivariable""",Unconditional,"""not significant""",Possible,,"""OR 0.98 (0.94-1.02) per year, p=0.29""",odds ratio per year,0.98,95% CI,0.94-1.02,Original to this study,,"""Multivariable logistic regression""",Statistical modelling,Association,"""Israel""",Country,"""2010–2014""",multi-year,"""1,767 women attempting TOLAC""",Human
ashwal2015,Results,v0.2.0-alpha,"""birthweight""",macrosomia,No,"""successful VBAC""",vbac_success,"""Birthweight* 1.00 (0.99-1.00) 0.11""",No,Subject→Object,Indeterminate,"""multivariable (whole cohort); macrosomia ≥4000g was excluded""",Unconditional,"""not significant""",Possible,,"""OR 1.00 (0.99-1.00) per gram, p=0.11""",odds ratio,1.00,95% CI,0.99-1.00,Original to this study,,"""Multivariable logistic regression""",Statistical modelling,Association,"""Israel""",Country,"""2010–2014""",multi-year,"""1,767 women attempting TOLAC""",Human
ashwal2015,Results,v0.2.0-alpha,"""birthweight (subgroup: no prior vaginal delivery)""",macrosomia,No,"""successful VBAC""",vbac_success,"""For women with no prior vaginal birth, only birthweight was associated with VBAC (0.99, 0.99-1.00, P=0.02)""",Yes,Subject→Object,Negative,"""subgroup of women with no prior vaginal delivery""",Population-specific,"""significantly""",Asserted,,"""OR 0.99 (0.99-1.00), p=0.02""",odds ratio per gram,0.99,95% CI,0.99-1.00,Original to this study,,"""Subgroup multivariable logistic regression""",Statistical modelling,Association,"""Israel""",Country,"""2010–2014""",multi-year,"""789 women with no prior vaginal deliveries attempting TOLAC""",Human
ashwal2015,Results,v0.2.0-alpha,"""failed TOLAC""",tolac_failure,No,"""uterine rupture""",uterine_rupture,"""Women who had successful VBAC had significantly lower rate of uterine rupture (diagnosed following the delivery) as compared to those with failed TOLAC (0.6% vs. 7.4%, respectively)""",Yes,Subject→Object,Positive,"""TOLAC""",Population-specific,"""significantly""",Asserted,"""Strong association between failed TOLAC and rupture risk; could reflect causation in either direction (rupture causes failure, or factors that lead to failed labour predispose to rupture).""","""0.6% vs 7.4%, p<0.001""",proportion,7.4%,Not reported,Not reported,Original to this study,,"""Retrospective cohort""",Observation,Association,"""Israel""",Country,"""2010–2014""",multi-year,"""1,767 women attempting TOLAC""",Human
ashwal2015,Results,v0.2.0-alpha,"""failed TOLAC""",tolac_failure,No,"""uterine scar dehiscence""",uterine_dehiscence,"""Uterine scar dehiscence [...] 0.2% in VBAC vs 9.8% in failed TOLAC""",Yes,Subject→Object,Positive,"""TOLAC""",Population-specific,"""significantly""",Asserted,,"""0.2% vs 9.8%, p<0.001""",proportion,9.8%,Not reported,Not reported,Original to this study,,"""Retrospective cohort""",Observation,Association,"""Israel""",Country,"""2010–2014""",multi-year,"""1,767 women attempting TOLAC""",Human
ashwal2015,Results,v0.2.0-alpha,"""TOLAC""",uterine_rupture,Yes,,,"""Overall, there were 24 cases in which uterine rupture was surgically diagnosed, yielding a total incidence of 1.3%""",Yes,Indeterminate,Indeterminate,"""TOLAC in Israeli single-protocol setting""",Population-specific,"""1.3%""",Asserted,"""subject_trend_only=Yes: rupture incidence reported. Notable: 1.3% is higher than US rates of 0.3–0.5%, possibly due to higher induction/augmentation use.""","""24/1,767 = 1.3%""",rate,1.3%,Not reported,Not reported,Original to this study,,"""Retrospective cohort""",Observation,Association,"""Israel""",Country,"""2010–2014""",multi-year,"""1,767 women attempting TOLAC""",Human
ashwal2015,Discussion,v0.2.0-alpha,"""failed TOLAC""",tolac_failure,No,"""maternal and neonatal morbidity""",maternal_morbidity,"""failed TOLAC and subsequent CS were associated with an increased risk for maternal and neonatal morbidity compared to an elective CS""",Yes,Subject→Object,Positive,"""compared to elective CS""",Unconditional,"""associated""",Probable,,Not reported,narrative only,Not reported,Not reported,Not reported,Synthesised from multiple sources,"""Landon MB et al. NEJM 2004; McMahon MJ et al. NEJM 1996; NIH Consensus 2010""","""Cited cohort/consensus""",Statistical modelling,Controlled comparison,"""United States""",Country,"""Not reported""",Not reported,"""Women with prior CS""",Human
bhide2016,Results,v0.2.0-alpha,"""Asian ethnic origin""",ethnicity,No,"""successful VBAC""",vbac_success,"""Asian (odds ratio [OR] 1.59, 95% confidence interval [CI] 1.14–2.23)""",Yes,Subject→Object,Negative,"""compared with White European""",Population-specific,"""significantly""",Asserted,"""OR reported is for FAILED VBAC; valence here is for success → Negative.""","""OR 1.59 (1.14–2.23), p=0.007""",odds ratio for failure,1.59,95% CI,1.14-2.23,Original to this study,,"""Retrospective cohort with logistic regression""",Statistical modelling,Association,"""St George's Hospital, London, UK""",Country,"""1 January 2000 to 31 August 2013""",multi-year,"""1463 women with one previous low-transverse caesarean attempting VBAC with cephalic singleton at term""",Human
bhide2016,Results,v0.2.0-alpha,"""African ethnic origin""",ethnicity,No,"""successful VBAC""",vbac_success,"""African (OR 1.80, 95% CI 1.23–2.64) ethnic origin""",Yes,Subject→Object,Negative,"""compared with White European""",Population-specific,"""significantly""",Asserted,"""OR reported is for FAILED VBAC; valence here is for success → Negative.""","""OR 1.80 (1.23–2.64), p=0.003""",odds ratio for failure,1.80,95% CI,1.23-2.64,Original to this study,,"""Retrospective cohort with logistic regression""",Statistical modelling,Association,"""London, UK""",Country,"""2000–2013""",multi-year,"""1463 women attempting VBAC""",Human
bhide2016,Results,v0.2.0-alpha,"""previous cesarean for failure to progress""",prior_caesarean_indication_recurring,No,"""successful VBAC""",vbac_success,"""previous cesarean for failure to progress (OR 6.39, 95% CI 4.81–8.49)""",Yes,Subject→Object,Negative,"""compared with cesarean for other indications""",Unconditional,"""significantly""",Asserted,"""OR reported is for FAILED VBAC.""","""OR 6.39 (4.81–8.49), p<0.001""",odds ratio for failure,6.39,95% CI,4.81-8.49,Original to this study,,"""Retrospective cohort with logistic regression""",Statistical modelling,Association,"""London, UK""",Country,"""2000–2013""",multi-year,"""1463 women attempting VBAC""",Human
bhide2016,Results,v0.2.0-alpha,"""previous vaginal birth""",prior_vaginal_birth,No,"""successful VBAC""",vbac_success,"""Prior vaginal delivery did not affect the outcome of VBAC""",No,Subject→Object,Indeterminate,"""London UK cohort, 1463 women""",Population-specific,"""did not affect""",Asserted,"""[FLAG] In contrast to Knight 2013, Obeidat 2013, Gonen 2004, Olagbuji 2010 which found prior vaginal birth strongly positive. May reflect low base rate (14%) or confounding.""","""failed 14.5% vs successful 13.6%, p=0.65""",proportion,Not reported,Not reported,Not reported,Original to this study,,"""Univariate comparison""",Statistical modelling,Association,"""London, UK""",Country,"""2000–2013""",multi-year,"""1463 women attempting VBAC""",Human
bhide2016,Results,v0.2.0-alpha,"""maternal body mass index at booking""",maternal_bmi,No,"""successful VBAC""",vbac_success,"""body mass index at booking 26.8 ± 5.5 vs 26.0 ± 5.2 (P=0.021)""",Yes,Subject→Object,Negative,"""univariate; not significant in multivariate""",Unconditional,"""univariate p=0.021; not significant in multivariate""",Probable,,"""mean BMI 26.8 vs 26.0, univariate p=0.021; OR 1.01 (0.98–1.04), p=0.49 in multivariate""",odds ratio,1.01,95% CI,0.98-1.04,Original to this study,,"""Univariate t-test + logistic regression""",Statistical modelling,Association,"""London, UK""",Country,"""2000–2013""",multi-year,"""1463 women attempting VBAC""",Human
bhide2016,Results,v0.2.0-alpha,"""induction of labor""",induction_of_labour,No,"""successful VBAC""",vbac_success,"""Induction of labor [...] 84 (20.3%) failed vs 117 (11.1%) success, p<0.001""",Yes,Subject→Object,Negative,"""London UK cohort, univariate""",Unconditional,"""significantly""",Asserted,"""Excluded from multivariate because not known at first prenatal visit; valence captured from univariate.""","""20.3% vs 11.1%, p<0.001""",proportion,Not reported,Not reported,Not reported,Original to this study,,"""Univariate chi-square""",Statistical modelling,Association,"""London, UK""",Country,"""2000–2013""",multi-year,"""1463 women attempting VBAC""",Human
bhide2016,Results,v0.2.0-alpha,"""birth weight""",macrosomia,No,"""successful VBAC""",vbac_success,"""Birth weight was significantly higher for women with failed VBAC than for those who had a successful vaginal delivery (P<0.001) [mean 3486 g vs 3400 g]""",Yes,Subject→Object,Negative,"""London UK cohort""",Unconditional,"""significantly""",Asserted,,"""mean 3486 g vs 3400 g, p<0.001""",mean difference,86,Not reported,Not reported,Original to this study,,"""Univariate t-test""",Statistical modelling,Association,"""London, UK""",Country,"""2000–2013""",multi-year,"""1463 women attempting VBAC""",Human
bhide2016,Results,v0.2.0-alpha,"""male fetus""",fetal_sex_male [UNVERIFIED],No,"""successful VBAC""",vbac_success,"""A significantly higher proportion of women carrying a male fetus were unsuccessful in VBAC (P = 0.013)""",Yes,Subject→Object,Negative,"""univariate""",Unconditional,"""significantly""",Probable,"""[FLAG] novel subject code: fetal_sex_male.""","""234/179 vs 519/531, p=0.013""",proportion,Not reported,Not reported,Not reported,Original to this study,,"""Univariate chi-square""",Statistical modelling,Association,"""London, UK""",Country,"""2000–2013""",multi-year,"""1463 women attempting VBAC""",Human
bhide2016,Results,v0.2.0-alpha,"""pre-pregnancy diabetes""",gestational_diabetes,No,"""successful VBAC""",vbac_success,"""Pre-pregnancy diabetes [...] failed 16/35 (45.7%) vs successful 19/35 (54.3%), p=0.018""",Yes,Subject→Object,Negative,"""univariate""",Unconditional,"""significantly""",Probable,,"""failed 45.7% vs success 54.3%, p=0.018""",proportion,Not reported,Not reported,Not reported,Original to this study,,"""Univariate chi-square""",Statistical modelling,Association,"""London, UK""",Country,"""2000–2013""",multi-year,"""1463 women attempting VBAC""",Human
bhide2016,Results,v0.2.0-alpha,"""maternal smoking status""",maternal_smoking [UNVERIFIED],No,"""successful VBAC""",vbac_success,"""Smoker 10/71 (14.1%) failed vs 61/71 (85.9%) success, p=0.008""",Yes,Subject→Object,Positive,"""univariate; not significant in multivariate""",Unconditional,"""significantly in univariate, NS in multivariate""",Probable,"""[FLAG] novel subject code: maternal_smoking. Direction (smoker → more success) is counter-intuitive; likely confounded by ethnicity/BMI.""","""failed 14.1% vs success 85.9%, p=0.008; OR 0.45 (0.19–1.05) p=0.064 multivariate""",odds ratio for failure,0.45,95% CI,0.19-1.05,Original to this study,,"""Univariate + multivariate logistic regression""",Statistical modelling,Association,"""London, UK""",Country,"""2000–2013""",multi-year,"""1463 women attempting VBAC""",Human
bhide2016,Introduction,v0.2.0-alpha,"""factors at first prenatal visit""",mfmu_calculator_score,No,"""successful VBAC""",vbac_success,"""Grobman et al. [7] produced a model based on factors available at the first prenatal visit""",Yes,Subject→Object,Positive,"""prenatal counselling""",Unconditional,"""reasonably accurate""",Probable,"""Cited prediction model.""",Not reported,narrative only,Not reported,Not reported,Not reported,Cited from prior work,"""Grobman WA et al. Obstet Gynecol 2007;109:806–812""","""Cited prediction nomogram""",Statistical modelling,Association,"""United States""",Country,"""Not reported""",Not reported,"""Women with prior CS""",Human
bhide2016,Discussion,v0.2.0-alpha,"""failed attempt at VBAC""",tolac_failure,No,"""composite maternal morbidity""",maternal_morbidity,"""A failed attempt at VBAC after a long trial of labor [...] increases morbidity as compared with a planned repeat cesarean delivery""",Yes,Subject→Object,Positive,"""TOLAC""",Population-specific,"""increases""",Probable,,Not reported,narrative only,Not reported,Not reported,Not reported,Cited from prior work,"""Cahill AG et al. Am J Obstet Gynecol 2006;195:1143–1147""","""Cited cohort""",Statistical modelling,Controlled comparison,"""United States""",Country,"""Not reported""",Not reported,"""Women with prior CS and prior vaginal delivery""",Human
chaillet2013,Methods,v0.2.0-alpha,"""maternal age""",maternal_age,No,"""successful VBAC""",vbac_success,"""w = 3.766 – 0.039 (maternal age)""",Yes,Subject→Object,Negative,"""Grobman nomogram applied to Quebec cohort""",Unconditional,"""coefficient""",Asserted,"""Coefficient from prediction model (validated): negative → older age reduces probability of VBAC success.""","""coefficient −0.039 per year""",logistic coefficient,-0.039,Not reported,Not reported,Original to this study,,"""Validation of Grobman nomogram by application to Quebec cohort""",Statistical modelling,Association,"""32 hospitals in Quebec, Canada""",Country,"""2008–2012""",multi-year,"""3,113 women with one prior low-transverse CS who attempted TOLAC at term""",Human
chaillet2013,Methods,v0.2.0-alpha,"""pre-pregnancy BMI""",maternal_bmi,No,"""successful VBAC""",vbac_success,"""−0.060 (pre-pregnancy BMI)""",Yes,Subject→Object,Negative,"""Grobman nomogram""",Unconditional,"""coefficient""",Asserted,,"""coefficient −0.060 per BMI unit""",logistic coefficient,-0.060,Not reported,Not reported,Original to this study,,"""Validation of Grobman nomogram""",Statistical modelling,Association,"""Quebec""",Country,"""2008–2012""",multi-year,"""3,113 women""",Human
chaillet2013,Methods,v0.2.0-alpha,"""any prior vaginal delivery""",prior_vaginal_birth,No,"""successful VBAC""",vbac_success,"""+0.888 (any prior vaginal delivery [1 or 0])""",Yes,Subject→Object,Positive,"""Grobman nomogram""",Unconditional,"""coefficient""",Asserted,,"""coefficient +0.888""",logistic coefficient,0.888,Not reported,Not reported,Original to this study,,"""Validation of Grobman nomogram""",Statistical modelling,Association,"""Quebec""",Country,"""2008–2012""",multi-year,"""3,113 women""",Human
chaillet2013,Methods,v0.2.0-alpha,"""prior VBAC""",prior_successful_vbac,No,"""successful VBAC""",vbac_success,"""+1.003 (VBAC [1 or 0])""",Yes,Subject→Object,Positive,"""Grobman nomogram""",Unconditional,"""coefficient""",Asserted,,"""coefficient +1.003""",logistic coefficient,1.003,Not reported,Not reported,Original to this study,,"""Validation of Grobman nomogram""",Statistical modelling,Association,"""Quebec""",Country,"""2008–2012""",multi-year,"""3,113 women""",Human
chaillet2013,Methods,v0.2.0-alpha,"""recurring indication for CS""",prior_caesarean_indication_recurring,No,"""successful VBAC""",vbac_success,"""−0.632 (recurring indication for CS [1 or 0])""",Yes,Subject→Object,Negative,"""Grobman nomogram""",Unconditional,"""coefficient""",Asserted,,"""coefficient −0.632""",logistic coefficient,-0.632,Not reported,Not reported,Original to this study,,"""Validation of Grobman nomogram""",Statistical modelling,Association,"""Quebec""",Country,"""2008–2012""",multi-year,"""3,113 women""",Human
chaillet2013,Results,v0.2.0-alpha,"""induction of labour""",induction_of_labour,No,"""successful VBAC""",vbac_success,"""For women with predicted probability <60%, observed VBAC rate was 55.0% with spontaneous labour vs 37.1% with induction (p<0.01)""",Yes,Subject→Object,Negative,"""low-predicted-probability women""",Population-specific,"""significant""",Asserted,"""For high-predicted-probability women (≥70%), induction did NOT significantly reduce observed VBAC rates.""","""55.0% vs 37.1%, p<0.01""",proportion,Not reported,Not reported,Not reported,Original to this study,,"""Stratified analysis""",Statistical modelling,Association,"""Quebec""",Country,"""2008–2012""",multi-year,"""3,113 women""",Human
chaillet2013,Discussion,v0.2.0-alpha,"""predicted probability of VBAC < 70%""",mfmu_calculator_score,No,"""maternal and neonatal morbidity (TOLAC vs ERCS)""",maternal_morbidity,"""morbidity was greater with TOLAC than with elective repeat Caesarean section when the probability was below 70%""",Yes,Subject→Object,Negative,"""compared with elective repeat CS""",Unconditional,"""greater""",Probable,"""Coded as Negative for predicted-probability → morbidity (lower predicted probability associated with higher TOLAC-vs-ERCS morbidity difference).""",Not reported,narrative only,Not reported,Not reported,Not reported,Cited from prior work,"""Grobman WA et al. Am J Obstet Gynecol 2009;200:56e1-e6; Chaillet N et al. J Obstet Gynaecol Can 2012;34:820-5""","""Cited cohort analyses""",Statistical modelling,Association,"""United States; Canada""",Country,"""Not reported""",Not reported,"""Women undergoing TOLAC""",Human
chaillet2013,Discussion,v0.2.0-alpha,"""spontaneous preterm labour""",gestational_age,No,"""successful VBAC""",vbac_success,"""successful VBAC is usually more likely in women with spontaneous preterm labour""",Yes,Subject→Object,Negative,"""preterm vs term""",Temporal,"""usually more likely""",Probable,"""Coded subject=gestational_age, valence=Negative (lower GA / preterm → more success).""",Not reported,narrative only,Not reported,Not reported,Not reported,Cited from prior work,"""Hammoud A et al. J Matern Fetal Neonatal Med 2004;15:202–206""","""Cited cohort""",Statistical modelling,Association,"""Canada""",Country,"""Not reported""",Not reported,"""Women with prior CS and preterm labour""",Human
clark2008_fetal_injury,Results,v0.2.0-alpha,"""routine vacuum use during cesarean delivery""",vacuum_at_cesarean [UNVERIFIED],No,"""major fetal intracranial hemorrhage""",fetal_injury,"""The use of a vacuum device as a routine procedure at the time of repeat cesarean delivery was associated with major fetal intracranial hemorrhage""",Yes,Subject→Object,Positive,"""scheduled repeat cesarean delivery, single case""",Unconditional,"""appears likely""",Possible,"""[FLAG] novel subject code: vacuum_at_cesarean. Single case report — very low causal weight. Off-topic for VBAC corpus (concerns repeat cesarean, not TOLAC outcome).""",Not reported,case description,1 case,Not reported,Not reported,Original to this study,,"""Single case report from quality-improvement review""",Observation,Association,"""USA""",Country,"""Not specified""",snapshot,"""One 42-year-old G3P1 woman undergoing scheduled repeat cesarean""",Human
clark2008_fetal_injury,Discussion,v0.2.0-alpha,"""prolongation of incision to delivery time assisted with vacuum""",incision_delivery_time [UNVERIFIED],No,"""neonatal depression""",neonatal_morbidity,"""the prolongation of the incision to delivery time assisted with vacuum use has been shown to increase the risk of neonatal depression when compared with traditional cesarean delivery technique""",Yes,Subject→Object,Positive,"""cesarean delivery with vacuum""",Unconditional,"""has been shown""",Probable,"""[FLAG] novel subject code: incision_delivery_time.""",Not reported,narrative only,Not reported,Not reported,Not reported,Cited from prior work,"""Arad I, Linder N, Bercovici B. J Perinatal Med 1986;14:137–140""","""Cited small descriptive series""",Observation,Association,"""Not specified""",Country,"""Not reported""",Not reported,"""Neonates born by vacuum-assisted cesarean""",Human
clark2008_fetal_injury,Introduction,v0.2.0-alpha,"""vacuum-assisted vaginal delivery""",vacuum_assisted_delivery [UNVERIFIED],No,"""fetal injury""",fetal_injury,"""Occasional fetal injury associated with vacuum-assisted vaginal delivery is well described""",Yes,Subject→Object,Positive,"""vaginal delivery""",Unconditional,"""well described""",Probable,"""[FLAG] novel subject code: vacuum_assisted_delivery. Operative vaginal delivery rather than TOLAC-specific.""",Not reported,narrative only,Not reported,Not reported,Not reported,Cited from prior work,"""Simonson C, Barlow P, Dehennin N, et al. Obstet Gynecol 2007;109:626–633""","""Cited cohort""",Observation,Association,"""Not specified""",Country,"""Not reported""",Not reported,"""Neonates born by vacuum-assisted vaginal delivery""",Human
girma2021,Results,v0.2.0-alpha,"""fetal macrosomia as past indication of cesarean section""",prior_caesarean_indication_recurring,No,"""successful VBAC""",vbac_success,"""macrosomia as past indication of cesarean section delivery: AOR; 0.31, 95% CI (0.15, 0.62)""",Yes,Subject→Object,Negative,"""Ethiopian tertiary hospital, retrospective""",Population-specific,"""significantly""",Asserted,"""[FLAG] Macrosomia in PRIOR pregnancy as CS indication coded under recurring indication; the primary mechanism may be repeated macrosomia in current pregnancy.""","""AOR 0.31 (0.15, 0.62)""",odds ratio,0.31,95% CI,0.15-0.62,Original to this study,,"""Multivariable logistic regression""",Statistical modelling,Association,"""Mizan-Tepi University Teaching Hospital, southwest Ethiopia""",Country,"""2017–2019""",multi-year,"""416 women with one previous CS undergoing trial of labour""",Human
girma2021,Results,v0.2.0-alpha,"""prior successful VBAC""",prior_successful_vbac,No,"""successful VBAC""",vbac_success,"""prior successful vaginal birth after cesarean section: AOR; 2, 95% CI (1.18, 3.70)""",Yes,Subject→Object,Positive,"""Ethiopian cohort""",Population-specific,"""significantly""",Asserted,,"""AOR 2 (1.18, 3.70)""",odds ratio,2.0,95% CI,1.18-3.70,Original to this study,,"""Multivariable logistic regression""",Statistical modelling,Association,"""Ethiopia""",Country,"""2017–2019""",multi-year,"""416 women""",Human
girma2021,Results,v0.2.0-alpha,"""previous successful spontaneous vaginal delivery""",prior_vaginal_birth,No,"""successful VBAC""",vbac_success,"""previous successful spontaneous vaginal delivery: AOR; 4, 95% CI (2.05, 7.83)""",Yes,Subject→Object,Positive,"""Ethiopian cohort""",Population-specific,"""significantly""",Asserted,,"""AOR 4 (2.05, 7.83)""",odds ratio,4.0,95% CI,2.05-7.83,Original to this study,,"""Multivariable logistic regression""",Statistical modelling,Association,"""Ethiopia""",Country,"""2017–2019""",multi-year,"""416 women""",Human
girma2021,Results,v0.2.0-alpha,"""cervical dilatation ≥3 cm at admission""",cervical_dilation_at_admission,No,"""successful VBAC""",vbac_success,"""cervical dilatation at admission: AOR; 2.7, 95% CI (1.47, 4.95)""",Yes,Subject→Object,Positive,"""vs closed cervix""",Temporal,"""significantly""",Asserted,,"""AOR 2.7 (1.47, 4.95)""",odds ratio,2.7,95% CI,1.47-4.95,Original to this study,,"""Multivariable logistic regression""",Statistical modelling,Association,"""Ethiopia""",Country,"""2017–2019""",multi-year,"""416 women""",Human
girma2021,Results,v0.2.0-alpha,"""duration of labour < 20 hours""",duration_first_stage [UNVERIFIED],No,"""successful VBAC""",vbac_success,"""duration of labor: AOR; 1.7, 95% CI (1.07, 2.83)""",Yes,Subject→Object,Negative,"""Ethiopian cohort; shorter labour ≤20h vs ≥20h""",Temporal,"""significantly""",Asserted,"""Coded as Negative for labour duration→success (longer labour = less success).""","""AOR 1.7 (1.07, 2.83), <20h vs ≥20h""",odds ratio,1.7,95% CI,1.07-2.83,Original to this study,,"""Multivariable logistic regression""",Statistical modelling,Association,"""Ethiopia""",Country,"""2017–2019""",multi-year,"""416 women""",Human
girma2021,Results,v0.2.0-alpha,"""parity""",parity,No,"""successful VBAC""",vbac_success,"""Parity II [AOR] 1.6 (0.35,7.17); not significant in multivariate""",No,Subject→Object,Indeterminate,"""Ethiopian cohort, multivariate""",Unconditional,"""not significant""",Possible,,"""AOR 1.6 (0.35, 7.17)""",odds ratio,1.6,95% CI,0.35-7.17,Original to this study,,"""Multivariable logistic regression""",Statistical modelling,Association,"""Ethiopia""",Country,"""2017–2019""",multi-year,"""416 women""",Human
girma2021,Results,v0.2.0-alpha,"""antepartum haemorrhage""",antepartum_haemorrhage [UNVERIFIED],No,"""successful VBAC""",vbac_success,"""APH Yes [AOR] 1.3 (0.67,2.55); not significant""",No,Subject→Object,Indeterminate,"""Ethiopian cohort""",Unconditional,"""not significant""",Possible,"""[FLAG] novel subject code: antepartum_haemorrhage.""","""AOR 1.3 (0.67, 2.55)""",odds ratio,1.3,95% CI,0.67-2.55,Original to this study,,"""Multivariable logistic regression""",Statistical modelling,Association,"""Ethiopia""",Country,"""2017–2019""",multi-year,"""416 women""",Human
girma2021,Discussion,v0.2.0-alpha,"""birth weight >4000 g""",macrosomia,No,"""successful VBAC""",vbac_success,"""birth weight >4000 g reduces the likelihood of successful VBAC (AOR; 0.56; 95% CI: 0.50–0.64)""",Yes,Subject→Object,Negative,"""TOLAC across multiple studies""",Unconditional,"""reduces""",Asserted,,"""AOR 0.56 (0.50–0.64)""",odds ratio,0.56,95% CI,0.50-0.64,Cited from prior work,"""Wu Y, Kataria Y, Wang Z et al. BMC Pregnancy Childbirth 2019;19:360 (systematic review and meta-analysis)""","""Cited systematic review with meta-analysis""",Review,Association,"""Multiple countries""",Country,"""Not reported""",Not reported,"""Women attempting VBAC""",Human
gonen2004,Results,v0.2.0-alpha,"""abnormal presentation as the indication for the primary CS""",prior_caesarean_indication_non_recurring,No,"""successful VBAC""",vbac_success,"""Abnormal presentation as the indication for the primary CS had the strongest association with successful VBAC (OR, 7.4; 95% CI, 2.8 to 19.2)""",Yes,Subject→Object,Positive,"""women with one previous low-transverse CS undergoing trial of VBAC""",Population-specific,"""significantly associated""",Asserted,,"""OR, 7.4; 95% CI 2.8 to 19.2""",odds ratio,7.4,95% CI,2.8-19.2,Original to this study,,"""Univariate and multiple stepwise logistic regression models""",Statistical modelling,Association,"""Bnai Zion Medical Center, a university hospital mainly serving the urban population of the city of Haifa, Israel""",Country,"""deliveries during the year 2000""",snapshot,"""339 parturients with a history of one previous low-transverse CS who underwent a trial of VBAC""",Human
gonen2004,Results,v0.2.0-alpha,"""a history of a VBAC""",prior_successful_vbac,No,"""successful VBAC""",vbac_success,"""followed by a history of a VBAC (OR, 7.2; 95% CI, 2.1 to 24.8)""",Yes,Subject→Object,Positive,"""women with one previous low-transverse CS undergoing trial of VBAC""",Population-specific,"""significantly associated""",Asserted,,"""OR, 7.2; 95% CI, 2.1 to 24.8""",odds ratio,7.2,95% CI,2.1-24.8,Original to this study,,"""Univariate and multiple stepwise logistic regression models""",Statistical modelling,Association,"""Bnai Zion Medical Center, Haifa, Israel""",Country,"""deliveries during the year 2000""",snapshot,"""339 parturients with one previous low-transverse CS""",Human
gonen2004,Results,v0.2.0-alpha,"""gestational age ≤ 41 weeks""",gestational_age,No,"""successful VBAC""",vbac_success,"""gestational age ≤ 41 weeks (OR, 2.8; 95% CI, 1.1 to 7.1)""",Yes,Subject→Object,Negative,"""compared with gestational age >41 weeks""",Temporal,"""significantly associated""",Asserted,"""[FLAG] valence: subject framed as ≤41 weeks predicting VBAC success, i.e. higher GA is associated with lower success — coded Negative for GA→success.""","""OR, 2.8; 95% CI, 1.1 to 7.1""",odds ratio,2.8,95% CI,1.1-7.1,Original to this study,,"""Univariate and multiple stepwise logistic regression models""",Statistical modelling,Association,"""Bnai Zion Medical Center, Haifa, Israel""",Country,"""deliveries during the year 2000""",snapshot,"""339 parturients with one previous low-transverse CS""",Human
gonen2004,Results,v0.2.0-alpha,"""cervical dilation""",cervical_dilation_at_admission,No,"""successful VBAC""",vbac_success,"""cervical dilation (OR, 2.5; 95% CI, 1.3 to 4.9)""",Yes,Subject→Object,Positive,"""at the onset of labor""",Temporal,"""significantly associated""",Asserted,,"""OR, 2.5; 95% CI, 1.3 to 4.9""",odds ratio,2.5,95% CI,1.3-4.9,Original to this study,,"""Univariate and multiple stepwise logistic regression models""",Statistical modelling,Association,"""Bnai Zion Medical Center, Haifa, Israel""",Country,"""deliveries during the year 2000""",snapshot,"""339 parturients with one previous low-transverse CS""",Human
gonen2004,Results,v0.2.0-alpha,"""lower gestational age at the primary CS""",gestational_age_at_prior_cs [UNVERIFIED],No,"""successful VBAC""",vbac_success,"""lower gestational age at the primary CS (OR, 1.2; 95% CI, 1.02 to 1.4)""",Yes,Subject→Object,Negative,"""women with one previous low-transverse CS""",Population-specific,"""significantly associated""",Asserted,"""[FLAG] novel subject code: gestational_age_at_prior_cs not in seed vocab; introduced in extraction.""","""OR, 1.2; 95% CI, 1.02 to 1.4""",odds ratio,1.2,95% CI,1.02-1.4,Original to this study,,"""Univariate and multiple stepwise logistic regression models""",Statistical modelling,Association,"""Bnai Zion Medical Center, Haifa, Israel""",Country,"""deliveries during the year 2000""",snapshot,"""339 parturients with one previous low-transverse CS""",Human
gonen2004,Results,v0.2.0-alpha,"""at least one vaginal birth before the primary CS""",prior_vaginal_birth,No,"""successful VBAC""",vbac_success,"""a history of at least one vaginal birth before the primary CS [...] OR 5.1 (1.8–14.7)""",Yes,Subject→Object,Positive,"""univariate analysis""",Unconditional,"""significantly associated""",Asserted,,"""OR 5.1 (1.8–14.7)""",odds ratio,5.1,95% CI,1.8-14.7,Original to this study,,"""Univariate logistic regression""",Statistical modelling,Association,"""Bnai Zion Medical Center, Haifa, Israel""",Country,"""deliveries during the year 2000""",snapshot,"""339 parturients with one previous low-transverse CS""",Human
gonen2004,Results,v0.2.0-alpha,"""nonreassuring fetal heart rate as the indication for the primary CS""",prior_caesarean_indication_non_recurring,No,"""successful VBAC""",vbac_success,"""Nonreassuring fetal heart rate [...] OR 2.5 (1.2–5.2)""",Yes,Subject→Object,Positive,"""compared with failure to progress as reference""",Unconditional,"""significantly associated""",Asserted,,"""OR 2.5 (1.2–5.2)""",odds ratio,2.5,95% CI,1.2-5.2,Original to this study,,"""Univariate logistic regression""",Statistical modelling,Association,"""Bnai Zion Medical Center, Haifa, Israel""",Country,"""deliveries during the year 2000""",snapshot,"""339 parturients with one previous low-transverse CS""",Human
gonen2004,Results,v0.2.0-alpha,"""birth weight at the primary CS""",birth_weight_at_prior_cs [UNVERIFIED],No,"""successful VBAC""",vbac_success,"""lower birth weight at the primary CS [...] p<0.001""",Yes,Subject→Object,Negative,"""univariate analysis; variable rejected in multivariate model""",Unconditional,"""significantly associated""",Asserted,"""[FLAG] novel subject code: birth_weight_at_prior_cs.""","""mean 2925 g (793) vs 3312 g (486), p<0.001""",mean difference,Not reported,Not reported,Not reported,Original to this study,,"""Univariate comparison with t-test""",Statistical modelling,Association,"""Bnai Zion Medical Center, Haifa, Israel""",Country,"""deliveries during the year 2000""",snapshot,"""339 parturients with one previous low-transverse CS""",Human
gonen2004,Results,v0.2.0-alpha,"""clinical estimation of fetal weight""",estimated_fetal_weight [UNVERIFIED],No,"""successful VBAC""",vbac_success,"""Mean (SD) clinical estimation of fetal weight 3360 (395) vs 3570 (319) [...] 0.9 (0.8–0.9)""",Yes,Subject→Object,Negative,"""at the onset of labor""",Temporal,"""significantly associated""",Asserted,"""[FLAG] novel subject code: estimated_fetal_weight overlaps with macrosomia in seed vocab.""","""OR 0.9 (0.8–0.9), p<0.001""",odds ratio per unit,0.9,95% CI,0.8-0.9,Original to this study,,"""Univariate logistic regression""",Statistical modelling,Association,"""Bnai Zion Medical Center, Haifa, Israel""",Country,"""deliveries during the year 2000""",snapshot,"""339 parturients with one previous low-transverse CS""",Human
gonen2004,Results,v0.2.0-alpha,"""cervical effacement ≥80%""",cervical_effacement [UNVERIFIED],No,"""successful VBAC""",vbac_success,"""≥80% [effacement vs <80%] 1.9 (1.1–3.5), p=0.03""",Yes,Subject→Object,Positive,"""at the onset of labor""",Temporal,"""significantly associated""",Asserted,"""[FLAG] novel subject code: cervical_effacement.""","""OR 1.9 (1.1–3.5), p=0.03""",odds ratio,1.9,95% CI,1.1-3.5,Original to this study,,"""Univariate logistic regression""",Statistical modelling,Association,"""Bnai Zion Medical Center, Haifa, Israel""",Country,"""deliveries during the year 2000""",snapshot,"""339 parturients with one previous low-transverse CS""",Human
gonen2004,Results,v0.2.0-alpha,"""anterior position of cervix""",cervix_position_anterior [UNVERIFIED],No,"""successful VBAC""",vbac_success,"""Anterior 79 (90.8%) [...] 3.0 (1.2–7.0), p=0.035""",Yes,Subject→Object,Positive,"""at the onset of labor""",Temporal,"""significantly associated""",Asserted,"""[FLAG] novel subject code: cervix_position_anterior.""","""OR 3.0 (1.2–7.0), p=0.035""",odds ratio,3.0,95% CI,1.2-7.0,Original to this study,,"""Univariate logistic regression""",Statistical modelling,Association,"""Bnai Zion Medical Center, Haifa, Israel""",Country,"""deliveries during the year 2000""",snapshot,"""339 parturients with one previous low-transverse CS""",Human
gonen2004,Results,v0.2.0-alpha,"""station of the fetal head""",station_at_admission,No,"""successful VBAC""",vbac_success,"""Station −1 and below 25 (96.2%) [...] 8.1 (1.1–62.1), p=0.013""",Yes,Subject→Object,Positive,"""at the onset of labor; station −1 and below vs −3 and above""",Temporal,"""significantly associated""",Asserted,,"""OR 8.1 (1.1–62.1), p=0.013""",odds ratio,8.1,95% CI,1.1-62.1,Original to this study,,"""Univariate logistic regression""",Statistical modelling,Association,"""Bnai Zion Medical Center, Haifa, Israel""",Country,"""deliveries during the year 2000""",snapshot,"""339 parturients with one previous low-transverse CS""",Human
gonen2004,Results,v0.2.0-alpha,"""cervical dilation > 4 cm at the time of ROM""",cervical_dilation_at_rom [UNVERIFIED],No,"""successful VBAC""",vbac_success,"""cervical dilation > 4 cm at the time of ROM (OR, 2.6; 95% CI, 1.3 to 5.2)""",Yes,Subject→Object,Positive,"""multivariate model of during-labour variables""",Temporal,"""significantly associated""",Asserted,"""[FLAG] novel subject code: cervical_dilation_at_rom.""","""OR, 2.6; 95% CI, 1.3 to 5.2""",odds ratio,2.6,95% CI,1.3-5.2,Original to this study,,"""Multiple stepwise logistic regression""",Statistical modelling,Association,"""Bnai Zion Medical Center, Haifa, Israel""",Country,"""deliveries during the year 2000""",snapshot,"""339 parturients with one previous low-transverse CS""",Human
gonen2004,Results,v0.2.0-alpha,"""epidural analgesia""",epidural_analgesia,No,"""successful VBAC""",vbac_success,"""the absence of epidural analgesia (OR, 5.9; 95% CI, 2.7 to 12.6)""",Yes,Subject→Object,Negative,"""during labour""",Temporal,"""significantly associated""",Asserted,"""Effect framed as 'absence of epidural' associated with success; coded as Negative for epidural→success.""","""OR, 5.9; 95% CI, 2.7 to 12.6""",odds ratio,5.9,95% CI,2.7-12.6,Original to this study,,"""Multiple stepwise logistic regression""",Statistical modelling,Association,"""Bnai Zion Medical Center, Haifa, Israel""",Country,"""deliveries during the year 2000""",snapshot,"""339 parturients with one previous low-transverse CS""",Human
gonen2004,Results,v0.2.0-alpha,"""augmentation with oxytocin""",labour_augmentation,No,"""successful VBAC""",vbac_success,"""Augmentation with oxytocin [...] 3.5 (1.9–6.2), p<0.001""",Yes,Subject→Object,Negative,"""during labour""",Temporal,"""significantly associated""",Asserted,"""Reported as no-augmentation vs augmentation; coded as augmentation→success Negative.""","""OR 3.5 (1.9–6.2), p<0.001""",odds ratio,3.5,95% CI,1.9-6.2,Original to this study,,"""Univariate logistic regression""",Statistical modelling,Association,"""Bnai Zion Medical Center, Haifa, Israel""",Country,"""deliveries during the year 2000""",snapshot,"""339 parturients with one previous low-transverse CS""",Human
gonen2004,Results,v0.2.0-alpha,"""duration of first stage of labor""",duration_first_stage [UNVERIFIED],No,"""successful VBAC""",vbac_success,"""Duration of first stage (h), mean (SD) 7.5 (5.3) vs 9.8 (6.7), OR 0.9 (0.9–1.0), p=0.014""",Yes,Subject→Object,Negative,"""during labour""",Temporal,"""significantly associated""",Asserted,"""[FLAG] novel subject code: duration_first_stage.""","""OR 0.9 (0.9–1.0), p=0.014""",odds ratio per hour,0.9,95% CI,0.9-1.0,Original to this study,,"""Univariate logistic regression""",Statistical modelling,Association,"""Bnai Zion Medical Center, Haifa, Israel""",Country,"""deliveries during the year 2000""",snapshot,"""339 parturients with one previous low-transverse CS""",Human
gonen2004,Results,v0.2.0-alpha,"""induction of labor""",induction_of_labour,No,"""successful VBAC""",vbac_success,"""Induction of labor [...] NS [...] 2.0 (0.9–4.3)""",Uncertain,Subject→Object,Indeterminate,"""at the onset of labor; non-significant univariate finding""",Unconditional,"""NS""",Possible,"""Non-significant finding reported.""","""OR 2.0 (0.9–4.3), NS""",odds ratio,2.0,95% CI,0.9-4.3,Original to this study,,"""Univariate logistic regression""",Statistical modelling,Association,"""Bnai Zion Medical Center, Haifa, Israel""",Country,"""deliveries during the year 2000""",snapshot,"""339 parturients with one previous low-transverse CS""",Human
gonen2004,Results,v0.2.0-alpha,"""maternal age""",maternal_age,No,"""successful VBAC""",vbac_success,"""Age (y), mean (SD) 31.1 (4.8) vs 30.4 (4.1), p=0.292""",No,Subject→Object,Indeterminate,"""univariate at first prenatal visit""",Unconditional,"""not significant""",Possible,"""Reported as non-significant.""","""p=0.292""",p-value only,Not reported,Not reported,Not reported,Original to this study,,"""Univariate t-test""",Statistical modelling,Association,"""Bnai Zion Medical Center, Haifa, Israel""",Country,"""deliveries during the year 2000""",snapshot,"""339 parturients with one previous low-transverse CS""",Human
gonen2004,Discussion,v0.2.0-alpha,"""previous failure to progress""",prior_caesarean_indication_recurring,No,"""probability of VBAC""",vbac_success,"""both previous failure to progress and lack of prior vaginal birth were associated with decreased probability of VBAC""",Yes,Subject→Object,Negative,"""patients with prior cesarean""",Unconditional,"""associated""",Probable,"""Cited finding; reproduces consistency with this paper's results.""",Not reported,narrative only,Not reported,Not reported,Not reported,Cited from prior work,"""Troyer LR, Parisi VM. Am J Obstet Gynecol 1992;167:1099–1104""","""Cohort analysis of 264 labors""",Statistical modelling,Association,"""United States [not specified]""",Country,"""prior to 1992""",snapshot,"""264 labors in patients with prior cesarean""",Human
gonen2004,Introduction,v0.2.0-alpha,"""oxytocin or prostaglandins""",oxytocin_use,No,"""maternal risk with vaginal birth after CS""",maternal_morbidity,"""Several studies have shown an increased maternal risk with vaginal birth after CS, especially with the use of oxytocin or prostaglandins""",Yes,Subject→Object,Positive,"""trial of vaginal birth after CS""",Population-specific,"""have shown""",Probable,"""Cited; covers both oxytocin and prostaglandins.""",Not reported,narrative only,Not reported,Not reported,Not reported,Synthesised from multiple sources,"""Lyndon-Rochele M et al. N Engl J Med 2001;345:3–8; McMahon MJ et al. N Engl J Med 1996;335:689–695""","""Cited cohort/observational studies""",Review,Association,"""Multiple settings""",Country,"""Not reported""",Not reported,"""Women with prior cesarean""",Human
gonen2004,Introduction,v0.2.0-alpha,"""failed trial of VBAC""",tolac_failure,No,"""maternal and neonatal morbidity""",maternal_morbidity,"""repeat CS after a failed trial of VBAC carry a much higher maternal and neonatal morbidity compared with elective CS""",Yes,Subject→Object,Positive,"""compared with elective CS""",Unconditional,"""concluded""",Probable,,Not reported,narrative only,Not reported,Not reported,Not reported,Cited from prior work,"""McMahon MJ, Luther ER, Bowes WA, Olshan AF. N Engl J Med 1996;335:689–695""","""Cited cohort comparison""",Observation,Controlled comparison,"""Canada / multi-centre, not specified""",Country,"""Not reported""",Not reported,"""Women with prior cesarean""",Human
gonen2004,Results,v0.2.0-alpha,"""uterine rupture""",uterine_rupture,Yes,,,"""There were no cases of uterine rupture.""",No,Indeterminate,Indeterminate,"""in 339 trials of labour after one prior low-transverse CS""",Population-specific,"""no cases""",Asserted,"""subject_trend_only=Yes: paper reports zero uterine ruptures in this cohort without specifying a predictor relationship.""",Not reported,count,0,Not reported,Not reported,Original to this study,,"""Retrospective cohort""",Observation,Association,"""Bnai Zion Medical Center, Haifa, Israel""",Country,"""deliveries during the year 2000""",snapshot,"""339 parturients with one previous low-transverse CS who underwent a trial of VBAC""",Human
hollard2006,Results,v0.2.0-alpha,"""African American"" ethnicity",ethnicity,No,"""successful VBAC""",vbac_success,"""adjusted OR for VBAC success was 0.37 (95% CI 0.27–0.50) for African American women""",Yes,Subject→Object,Negative,"""compared with Caucasian women; adjusted for age>35, induction, oxytocin, epidural, birth weight>4000g, clinic service, no prior vaginal delivery""",Population-specific,"""significantly less likely""",Asserted,"""African American coded as ethnicity; Caucasian is reference.""","""adjusted OR 0.37 (95% CI 0.27–0.50), p<0.0001""",odds ratio,0.37,95% CI,0.27-0.50,Original to this study,,"""Retrospective cohort with multivariable logistic regression""",Statistical modelling,Association,"""Memorial Care System, Southern California, USA""",Country,"""January 1, 1997 to July 30, 2002""",multi-year,"""2575 women with prior cesarean undergoing a trial of labor""",Human
hollard2006,Results,v0.2.0-alpha,"""Hispanic"" ethnicity",ethnicity,No,"""successful VBAC""",vbac_success,"""adjusted OR for VBAC success was [...] 0.63 (95% CI 0.51–0.79) for Hispanic women""",Yes,Subject→Object,Negative,"""compared with Caucasian women; fully adjusted model""",Population-specific,"""significantly less likely""",Asserted,,"""adjusted OR 0.63 (95% CI 0.51–0.79), p<0.0001""",odds ratio,0.63,95% CI,0.51-0.79,Original to this study,,"""Retrospective cohort with multivariable logistic regression""",Statistical modelling,Association,"""Memorial Care System, Southern California, USA""",Country,"""1997–2002""",multi-year,"""2575 women with prior cesarean undergoing a trial of labor""",Human
hollard2006,Results,v0.2.0-alpha,"""parity = 1""",parity,No,"""successful VBAC""",vbac_success,"""Parity = 1 [...] OR 0.35 (0.29–0.43) p<0.0001""",Yes,Subject→Object,Negative,"""univariate composite analysis""",Population-specific,"""strongest predictor of failure""",Asserted,"""Lower parity (=1, i.e. nulliparous-after-CS) negatively associated with VBAC success.""","""OR 0.35 (0.29–0.43), p<0.0001""",odds ratio,0.35,95% CI,0.29-0.43,Original to this study,,"""Univariate logistic regression""",Statistical modelling,Association,"""Memorial Care System, Southern California, USA""",Country,"""1997–2002""",multi-year,"""2575 women with prior cesarean undergoing a trial of labor""",Human
hollard2006,Results,v0.2.0-alpha,"""labor induction""",induction_of_labour,No,"""successful VBAC""",vbac_success,"""Labor induction [...] 0.70 (0.56–0.88) p=0.002""",Yes,Subject→Object,Negative,"""univariate composite""",Unconditional,"""significantly""",Asserted,,"""OR 0.70 (0.56–0.88), p=0.002""",odds ratio,0.70,95% CI,0.56-0.88,Original to this study,,"""Univariate logistic regression""",Statistical modelling,Association,"""Memorial Care System, Southern California, USA""",Country,"""1997–2002""",multi-year,"""2575 women with prior cesarean undergoing a trial of labor""",Human
hollard2006,Results,v0.2.0-alpha,"""epidural analgesia""",epidural_analgesia,No,"""successful VBAC""",vbac_success,"""Epidural analgesia [...] 0.71 (0.60–0.85) p=0.0002""",Yes,Subject→Object,Negative,"""univariate composite""",Unconditional,"""significantly""",Asserted,,"""OR 0.71 (0.60–0.85), p=0.0002""",odds ratio,0.71,95% CI,0.60-0.85,Original to this study,,"""Univariate logistic regression""",Statistical modelling,Association,"""Memorial Care System, Southern California, USA""",Country,"""1997–2002""",multi-year,"""2575 women with prior cesarean undergoing a trial of labor""",Human
hollard2006,Results,v0.2.0-alpha,"""birth weight > 4000 g""",macrosomia,No,"""successful VBAC""",vbac_success,"""Birth weight >4000 g [...] 0.64 (0.50–0.82) p=0.0003""",Yes,Subject→Object,Negative,"""univariate composite""",Unconditional,"""significantly""",Asserted,,"""OR 0.64 (0.50–0.82), p=0.0003""",odds ratio,0.64,95% CI,0.50-0.82,Original to this study,,"""Univariate logistic regression""",Statistical modelling,Association,"""Memorial Care System, Southern California, USA""",Country,"""1997–2002""",multi-year,"""2575 women with prior cesarean undergoing a trial of labor""",Human
hollard2006,Results,v0.2.0-alpha,"""resident clinic service""",socioeconomic_status,No,"""successful VBAC""",vbac_success,"""Clinic service [...] 1.50 (1.02–2.00) p=0.04""",Yes,Subject→Object,Positive,"""univariate composite""",Unconditional,"""significantly""",Probable,"""Clinic service used as a proxy for low/public insurance status.""","""OR 1.50 (1.02–2.00), p=0.04""",odds ratio,1.50,95% CI,1.02-2.00,Original to this study,,"""Univariate logistic regression""",Statistical modelling,Association,"""Memorial Care System, Southern California, USA""",Country,"""1997–2002""",multi-year,"""2575 women with prior cesarean undergoing a trial of labor""",Human
hollard2006,Results,v0.2.0-alpha,"""maternal age > 35 years""",maternal_age,No,"""successful VBAC""",vbac_success,"""Age >35 years 0.86 (0.68–1.09) 0.088""",No,Subject→Object,Indeterminate,"""univariate composite""",Unconditional,"""not significant""",Possible,,"""OR 0.86 (0.68–1.09), p=0.088""",odds ratio,0.86,95% CI,0.68-1.09,Original to this study,,"""Univariate logistic regression""",Statistical modelling,Association,"""Memorial Care System, Southern California, USA""",Country,"""1997–2002""",multi-year,"""2575 women with prior cesarean undergoing a trial of labor""",Human
hollard2006,Results,v0.2.0-alpha,"""diabetes mellitus""",gestational_diabetes,No,"""successful VBAC""",vbac_success,"""Diabetes mellitus 0.71 (0.36–1.39) 0.315""",No,Subject→Object,Indeterminate,"""univariate composite; combined gestational and pre-gestational diabetes""",Unconditional,"""not significant""",Possible,,"""OR 0.71 (0.36–1.39), NS""",odds ratio,0.71,95% CI,0.36-1.39,Original to this study,,"""Univariate logistic regression""",Statistical modelling,Association,"""Memorial Care System, Southern California, USA""",Country,"""1997–2002""",multi-year,"""2575 women with prior cesarean undergoing a trial of labor""",Human
hollard2006,Results,v0.2.0-alpha,"""preeclampsia""",preeclampsia,No,"""successful VBAC""",vbac_success,"""Preeclampsia 0.79 (0.47–1.49) 0.244""",No,Subject→Object,Indeterminate,"""univariate composite""",Unconditional,"""not significant""",Possible,,"""OR 0.79 (0.47–1.49), NS""",odds ratio,0.79,95% CI,0.47-1.49,Original to this study,,"""Univariate logistic regression""",Statistical modelling,Association,"""Memorial Care System, Southern California, USA""",Country,"""1997–2002""",multi-year,"""2575 women with prior cesarean undergoing a trial of labor""",Human
hollard2006,Results,v0.2.0-alpha,"""trial of labor""",tolac_failure,Yes,,,"""There were 10 uterine ruptures in 2830 patients undergoing a TOL for a rate of 3.5 per 1000""",Yes,Indeterminate,Indeterminate,"""TOL in mixed ethnic cohort""",Population-specific,"""3.5 per 1000""",Asserted,"""Recorded as subject_trend_only: rupture incidence reported without a paired predictor.""","""3.5 per 1000""",rate,3.5,Not reported,Not reported,Original to this study,,"""Retrospective cohort""",Observation,Association,"""Memorial Care System, Southern California, USA""",Country,"""1997–2002""",multi-year,"""2830 patients undergoing TOL""",Human
hollard2006,Results,v0.2.0-alpha,"""African American ethnicity""",ethnicity,No,"""non-reassuring fetal heart rate as VBAC-failure indication""",vbac_failure_indication_fhr [UNVERIFIED],"""African American women were nearly three times more likely to fail secondary to non-reassuring fetal heart rate patterns""",Yes,Subject→Object,Positive,"""compared with Caucasian and Hispanic groups""",Population-specific,"""nearly three times more likely""",Probable,"""[FLAG] novel object code: vbac_failure_indication_fhr.""","""Caucasian 18.5%, Hispanic 15.1%, AA 37.5%, p=0.0004""",proportion,37.5%,Not reported,Not reported,Original to this study,,"""Retrospective cohort, chi-square""",Statistical modelling,Association,"""Memorial Care System, Southern California, USA""",Country,"""1997–2002""",multi-year,"""2575 TOL women""",Human
hollard2006,Discussion,v0.2.0-alpha,"""African American and Hispanic ethnicity""",ethnicity,No,"""length of first stage of labor""",duration_first_stage [UNVERIFIED],"""African American and Hispanic ethnicities are associated with longer lengths of the first stage of labor""",Yes,Subject→Object,Positive,"""multiparous women""",Population-specific,"""associated""",Probable,"""Cited finding consistent with hypothesised mediator of VBAC disparity.""","""394, 404, 425 minutes for Caucasian, Hispanic, AA""",mean minutes,Not reported,Not reported,Not reported,Cited from prior work,"""Hopkins L et al. Am J Obstet Gynecol 2004;191(Suppl)""","""Cohort analysis""",Statistical modelling,Association,"""United States""",Country,"""Not reported""",Not reported,"""Multiparous women""",Human
hollard2006,Introduction,v0.2.0-alpha,"""failed TOL""",tolac_failure,No,"""maternal and perinatal morbidity""",maternal_morbidity,"""The majority of maternal and perinatal morbidity of VBAC is associated with a failed TOL""",Yes,Subject→Object,Positive,"""TOL after cesarean""",Population-specific,"""associated""",Probable,,Not reported,narrative only,Not reported,Not reported,Not reported,Cited from prior work,"""Loebel G et al. J Matern Fetal Neonatal Med 2004;15:243–246""","""Cited cohort""",Observation,Association,"""USA""",Country,"""Not reported""",Not reported,"""Women with prior cesarean""",Human
hollard2006,Introduction,v0.2.0-alpha,"""trial of labor after previous cesarean""",tolac_failure,No,"""perinatal risk""",neonatal_morbidity,"""the associated perinatal risk is slightly increased in women attempting a TOL compared to repeat elective cesarean delivery without labor""",Yes,Subject→Object,Positive,"""compared to repeat elective cesarean delivery without labor""",Unconditional,"""slightly increased""",Probable,"""Hedged citation; the TOL→perinatal-risk increase is small in absolute terms.""",Not reported,narrative only,Not reported,Not reported,Not reported,Cited from prior work,"""Landon MB et al. NICHD MFMU. N Engl J Med 2004;351:2581–2589""","""Cited prospective cohort""",Statistical modelling,Controlled comparison,"""United States""",Country,"""Not reported""",Not reported,"""Women with prior cesarean""",Human
hollard2006,Discussion,v0.2.0-alpha,"""no previous vaginal delivery""",prior_vaginal_birth,No,"""successful VBAC""",vbac_success,"""A history of no previous vaginal delivery was the strongest predictor of failure""",Yes,Subject→Object,Positive,"""composite study population""",Unconditional,"""strongest predictor""",Asserted,"""Coded subject=prior_vaginal_birth, valence=Positive because presence of prior vaginal birth → success (no prior vag birth → failure).""",Not reported,narrative only,Not reported,Not reported,Not reported,Original to this study,,"""Univariate and multivariable logistic regression""",Statistical modelling,Association,"""Memorial Care System, Southern California, USA""",Country,"""1997–2002""",multi-year,"""2575 TOL women""",Human
hollard2006,Discussion,v0.2.0-alpha,"""Medicaid/indigent status""",socioeconomic_status,No,"""trial of labor and vaginal delivery""",vbac_success,"""Medicaid/indigent women were more likely than privately insured women to attempt a trial of labor, and subsequently to deliver vaginally""",Yes,Subject→Object,Positive,"""compared with privately insured women""",Population-specific,"""more likely""",Probable,,Not reported,narrative only,Not reported,Not reported,Not reported,Cited from prior work,"""Wagner CL, Metts AK. J Perinatol 1999;19:14–18""","""Cited cohort""",Observation,Association,"""United States""",Country,"""Not reported""",Not reported,"""Women with prior cesarean""",Human
knight2013,Results,v0.2.0-alpha,"""maternal age > 34 years""",maternal_age,No,"""successful VBAC""",vbac_success,"""Maternal age (years) >34 [...] Adjusted OR 0.79 (0.77, 0.82)""",Yes,Subject→Object,Negative,"""national English cohort of second births after primary CS""",Population-specific,"""significantly""",Asserted,,"""Adjusted OR 0.79 (0.77, 0.82), p<0.001""",odds ratio,0.79,95% CI,0.77-0.82,Original to this study,,"""Multivariate logistic regression on Hospital Episode Statistics""",Statistical modelling,Association,"""English National Health Service""",Country,"""1 April 2004 to 31 March 2012""",multi-year,"""75,086 women attempting VBAC for their second birth""",Human
knight2013,Results,v0.2.0-alpha,"""maternal age < 24 years""",maternal_age,No,"""successful VBAC""",vbac_success,"""Maternal age (years) <24 [...] Adjusted OR 1.23 (1.17, 1.29)""",Yes,Subject→Object,Negative,"""national English cohort""",Population-specific,"""significantly""",Asserted,"""Younger age (<24) increases success — coded subject=maternal_age, valence=Negative (higher age → lower success).""","""Adjusted OR 1.23 (1.17, 1.29)""",odds ratio,1.23,95% CI,1.17-1.29,Original to this study,,"""Multivariate logistic regression""",Statistical modelling,Association,"""English NHS""",Country,"""2004–2012""",multi-year,"""75,086 women attempting VBAC""",Human
knight2013,Results,v0.2.0-alpha,"""Black ethnicity""",ethnicity,No,"""successful VBAC""",vbac_success,"""Black women had a particularly low success rate (OR, 0.54; 95% confidence interval [CI], 0.50–0.57)""",Yes,Subject→Object,Negative,"""compared with white women""",Population-specific,"""particularly low success rate""",Asserted,,"""Adjusted OR 0.54 (0.50–0.57)""",odds ratio,0.54,95% CI,0.50-0.57,Original to this study,,"""Multivariate logistic regression""",Statistical modelling,Association,"""English NHS""",Country,"""2004–2012""",multi-year,"""75,086 women attempting VBAC""",Human
knight2013,Results,v0.2.0-alpha,"""Asian ethnicity""",ethnicity,No,"""successful VBAC""",vbac_success,"""Asian [...] Adjusted OR 0.76 (0.71, 0.82)""",Yes,Subject→Object,Negative,"""compared with white women""",Population-specific,"""significantly""",Asserted,,"""Adjusted OR 0.76 (0.71, 0.82)""",odds ratio,0.76,95% CI,0.71-0.82,Original to this study,,"""Multivariate logistic regression""",Statistical modelling,Association,"""English NHS""",Country,"""2004–2012""",multi-year,"""75,086 women attempting VBAC""",Human
knight2013,Results,v0.2.0-alpha,"""emergency caesarean section as type of primary CS""",prior_caesarean_indication_recurring,No,"""successful VBAC""",vbac_success,"""Women who had an emergency caesarean section in their first birth also had a lower VBAC success rate [...] Adjusted OR 0.66 (0.63, 0.69)""",Yes,Subject→Object,Negative,"""compared with women whose primary CS was elective""",Unconditional,"""significantly""",Asserted,"""Coded with prior_caesarean_indication_recurring because emergency CS is a marker for in-labour, dystocia-related indications.""","""Adjusted OR 0.66 (0.63, 0.69)""",odds ratio,0.66,95% CI,0.63-0.69,Original to this study,,"""Multivariate logistic regression""",Statistical modelling,Association,"""English NHS""",Country,"""2004–2012""",multi-year,"""75,086 women attempting VBAC""",Human
knight2013,Results,v0.2.0-alpha,"""history of failed induction of labour""",induction_of_labour,No,"""successful VBAC""",vbac_success,"""those with a history of failed induction of labour (OR, 0.59; 95% CI, 0.53–0.67)""",Yes,Subject→Object,Negative,"""compared with fetal distress as reference indication""",Unconditional,"""least likely""",Asserted,"""[FLAG] coded under induction_of_labour though this is a prior-CS indication (failed IOL in the first pregnancy).""","""Adjusted OR 0.59 (0.53–0.67)""",odds ratio,0.59,95% CI,0.53-0.67,Original to this study,,"""Multivariate logistic regression""",Statistical modelling,Association,"""English NHS""",Country,"""2004–2012""",multi-year,"""75,086 women attempting VBAC""",Human
knight2013,Results,v0.2.0-alpha,"""pre-existing diabetes""",gestational_diabetes,No,"""successful VBAC""",vbac_success,"""Pre-existing conditions Diabetes [...] Adjusted OR 0.36 (0.29, 0.45)""",Yes,Subject→Object,Negative,"""national English cohort""",Population-specific,"""significantly""",Asserted,"""Pre-existing diabetes coded under gestational_diabetes vocab (subsumes pre-existing too).""","""Adjusted OR 0.36 (0.29, 0.45)""",odds ratio,0.36,95% CI,0.29-0.45,Original to this study,,"""Multivariate logistic regression""",Statistical modelling,Association,"""English NHS""",Country,"""2004–2012""",multi-year,"""75,086 women attempting VBAC""",Human
knight2013,Results,v0.2.0-alpha,"""pre-existing hypertension""",preeclampsia,No,"""successful VBAC""",vbac_success,"""Hypertension [...] Adjusted OR 0.74 (0.56, 0.98)""",Yes,Subject→Object,Negative,"""national English cohort""",Population-specific,"""significantly""",Asserted,"""Pre-existing hypertension coded under preeclampsia vocab as nearest match; could split out.""","""Adjusted OR 0.74 (0.56, 0.98), p=0.039""",odds ratio,0.74,95% CI,0.56-0.98,Original to this study,,"""Multivariate logistic regression""",Statistical modelling,Association,"""English NHS""",Country,"""2004–2012""",multi-year,"""75,086 women attempting VBAC""",Human
knight2013,Results,v0.2.0-alpha,"""gestational diabetes""",gestational_diabetes,No,"""successful VBAC""",vbac_success,"""Gestational diabetes [...] Adjusted OR 0.67 (0.61, 0.75)""",Yes,Subject→Object,Negative,"""characteristics of second pregnancy""",Temporal,"""significantly""",Asserted,,"""Adjusted OR 0.67 (0.61, 0.75)""",odds ratio,0.67,95% CI,0.61-0.75,Original to this study,,"""Multivariate logistic regression""",Statistical modelling,Association,"""English NHS""",Country,"""2004–2012""",multi-year,"""75,086 women attempting VBAC""",Human
knight2013,Results,v0.2.0-alpha,"""pre-eclampsia/eclampsia""",preeclampsia,No,"""successful VBAC""",vbac_success,"""Pre-eclampsia/eclampsia [...] Adjusted OR 0.49 (0.42, 0.58)""",Yes,Subject→Object,Negative,"""characteristics of second pregnancy""",Temporal,"""significantly""",Asserted,,"""Adjusted OR 0.49 (0.42, 0.58)""",odds ratio,0.49,95% CI,0.42-0.58,Original to this study,,"""Multivariate logistic regression""",Statistical modelling,Association,"""English NHS""",Country,"""2004–2012""",multi-year,"""75,086 women attempting VBAC""",Human
knight2013,Results,v0.2.0-alpha,"""premature rupture of membranes""",premature_rupture_of_membranes [UNVERIFIED],No,"""successful VBAC""",vbac_success,"""Premature rupture of membranes [...] Adjusted OR 0.62 (0.57, 0.68)""",Yes,Subject→Object,Negative,"""characteristics of second pregnancy""",Temporal,"""significantly""",Asserted,"""[FLAG] novel subject code: premature_rupture_of_membranes.""","""Adjusted OR 0.62 (0.57, 0.68)""",odds ratio,0.62,95% CI,0.57-0.68,Original to this study,,"""Multivariate logistic regression""",Statistical modelling,Association,"""English NHS""",Country,"""2004–2012""",multi-year,"""75,086 women attempting VBAC""",Human
knight2013,Results,v0.2.0-alpha,"""birthweight > 4000 g (second pregnancy)""",macrosomia,No,"""successful VBAC""",vbac_success,"""Birthweight (g) >4000 [...] Adjusted OR 0.50 (0.48, 0.53)""",Yes,Subject→Object,Negative,"""characteristics of second pregnancy""",Temporal,"""significantly""",Asserted,,"""Adjusted OR 0.50 (0.48, 0.53)""",odds ratio,0.50,95% CI,0.48-0.53,Original to this study,,"""Multivariate logistic regression""",Statistical modelling,Association,"""English NHS""",Country,"""2004–2012""",multi-year,"""75,086 women attempting VBAC""",Human
knight2013,Results,v0.2.0-alpha,"""birth interval ≥ 3 years""",inter_delivery_interval,No,"""successful VBAC""",vbac_success,"""Women who gave birth more than 3 years after the first baby was born were also less likely to have a successful VBAC""",Yes,Subject→Object,Negative,"""national English cohort""",Population-specific,"""less likely""",Asserted,"""Coded subject=inter_delivery_interval; longer interval associated with reduced success.""","""Adjusted OR 0.95 (0.91–0.99), p=0.012""",odds ratio,0.95,95% CI,0.91-0.99,Original to this study,,"""Multivariate logistic regression""",Statistical modelling,Association,"""English NHS""",Country,"""2004–2012""",multi-year,"""75,086 women attempting VBAC""",Human
knight2013,Results,v0.2.0-alpha,"""deprivation""",socioeconomic_status,No,"""successful VBAC""",vbac_success,"""Deprivation (quintile) [...] not significant for success (p=0.374)""",No,Subject→Object,Indeterminate,"""characteristics in adjusted model""",Unconditional,"""not significant""",Possible,,"""adjusted OR not significant, p=0.374""",odds ratio,Not reported,Not reported,Not reported,Original to this study,,"""Multivariate logistic regression""",Statistical modelling,Association,"""English NHS""",Country,"""2004–2012""",multi-year,"""75,086 women attempting VBAC""",Human
knight2013,Results,v0.2.0-alpha,"""deprivation (quintile, most deprived)""",socioeconomic_status,No,"""attempted VBAC""",tolac_attempt [UNVERIFIED],"""those living in a more deprived area had higher rates of attempted VBAC [...] Adjusted OR 1.20 (1.10, 1.31)""",Yes,Subject→Object,Positive,"""TOLAC uptake, not success""",Population-specific,"""significantly""",Asserted,"""[FLAG] novel object code: tolac_attempt (uptake of trial-of-labour-after-caesarean, distinct from success).""","""Adjusted OR 1.20 (1.10, 1.31), p<0.001""",odds ratio,1.20,95% CI,1.10-1.31,Original to this study,,"""Multivariate logistic regression""",Statistical modelling,Association,"""English NHS""",Country,"""2004–2012""",multi-year,"""143,970 women in the cohort""",Human
knight2013,Discussion,v0.2.0-alpha,"""labour-stimulating agents""",oxytocin_use,No,"""uterine rupture""",uterine_rupture,"""Most clinicians also now avoid using labour-stimulating agents for women attempting VBAC, as there is growing evidence that these can increase the risk of uterine rupture""",Yes,Subject→Object,Positive,"""attempted VBAC""",Population-specific,"""growing evidence""",Probable,"""Cited claim on oxytocin/induction agents → rupture risk.""",Not reported,narrative only,Not reported,Not reported,Not reported,Cited from prior work,"""Fitzpatrick K et al. PLoS Med 2012;9:e1001184""","""Cited national case-control study""",Statistical modelling,Controlled comparison,"""United Kingdom""",Country,"""Not reported""",Not reported,"""Women with prior CS attempting VBAC""",Human
knight2013,Introduction,v0.2.0-alpha,"""failed trial of labour""",tolac_failure,No,"""uterine rupture and complications of emergency caesarean and perinatal morbidity or mortality""",maternal_morbidity,"""several observational studies examining maternal and neonatal outcomes related to failed trial of labour have identified an increased risk of various complications, including uterine rupture during labour, complications of emergency caesarean and perinatal morbidity or mortality""",Yes,Subject→Object,Positive,"""TOLAC""",Population-specific,"""increased risk""",Probable,"""Multiple cited studies; synthesised.""",Not reported,narrative only,Not reported,Not reported,Not reported,Synthesised from multiple sources,"""Landon MB et al. NEJM 2004;351:2581–9; Lydon-Rochelle MT et al. Semin Perinatol 2010;34:249–57; Gilbert SA et al. Am J Obstet Gynecol 2012""","""Cited observational and propensity-score analyses""",Statistical modelling,Controlled comparison,"""USA""",Country,"""Not reported""",Not reported,"""Women with prior CS""",Human
knight2013,Discussion,v0.2.0-alpha,"""prior vaginal delivery""",prior_vaginal_birth,No,"""successful VBAC""",vbac_success,"""all three studies included women with a prior vaginal delivery, which is the single best predictor of a successful VBAC""",Yes,Subject→Object,Positive,"""previous vaginal delivery before TOLAC""",Unconditional,"""single best predictor""",Asserted,"""Cited generalisation about prior vaginal delivery as strongest predictor.""",Not reported,narrative only,Not reported,Not reported,Not reported,Cited from prior work,"""RCOG Green-Top Guideline No. 45, 2007""","""Clinical guideline review""",Review,Association,"""United Kingdom""",Country,"""Not reported""",Not reported,"""Women with prior CS""",Human
konheim-kalkstein2017,Results,v0.2.0-alpha,"""desire for vaginal birth experience""",vaginal_birth_experience_desire [UNVERIFIED],No,"""choice of VBAC""",tolac_attempt [UNVERIFIED],"""the importance of the desire to experience a vaginal birth strongly and positively influenced women's VBAC decision""",Yes,Subject→Object,Positive,"""US convenience sample of pregnant women with one prior CS; outcome is DECISION to attempt VBAC, not success""",Population-specific,"""strongly""",Asserted,"""[FLAG] outcome is tolac_attempt (intention/choice), not vbac_success. Off-topic for success-predictors synthesis but relevant to uptake.""","""OR 13.22, p<0.001""",odds ratio,13.22,p-value,p<0.001,Original to this study,,"""Hierarchical binary logistic regression on online survey""",Statistical modelling,Association,"""United States""",Country,"""April 2013 to August 2015""",multi-year,"""173 currently pregnant women with one prior caesarean delivery (transverse incision)""",Human
konheim-kalkstein2017,Results,v0.2.0-alpha,"""powerful others locus of control""",locus_of_control_powerful_others [UNVERIFIED],No,"""choice of VBAC""",tolac_attempt [UNVERIFIED],"""Locus of Control – Powerful Others [...] OR 0.191, p=0.010""",Yes,Subject→Object,Negative,"""high powerful-others LoC → less likely to attempt VBAC""",Unconditional,"""significant""",Asserted,"""[FLAG] novel subject code: locus_of_control_powerful_others. Psychological construct.""","""OR 0.191, p=0.010""",odds ratio,0.191,p-value,p=0.010,Original to this study,,"""Hierarchical binary logistic regression""",Statistical modelling,Association,"""United States""",Country,"""2013–2015""",multi-year,"""173 pregnant women""",Human
konheim-kalkstein2017,Results,v0.2.0-alpha,"""healthcare provider as primary information source""",healthcare_provider_information [UNVERIFIED],No,"""choice of VBAC""",tolac_attempt [UNVERIFIED],"""women who reported that their healthcare provider was a significant source of information were almost 95% less likely to choose VBAC than those not relying on their healthcare provider""",Yes,Subject→Object,Negative,"""US convenience sample""",Unconditional,"""significant""",Asserted,"""[FLAG] novel subject code; reflects clinician selection effects.""","""OR 0.054, p=0.018""",odds ratio,0.054,p-value,p=0.018,Original to this study,,"""Hierarchical binary logistic regression""",Statistical modelling,Association,"""United States""",Country,"""2013–2015""",multi-year,"""173 pregnant women""",Human
konheim-kalkstein2017,Results,v0.2.0-alpha,"""reason for prior caesarean: large baby""",prior_caesarean_indication_recurring,No,"""choice of VBAC""",tolac_attempt [UNVERIFIED],"""Reason for Prior CSEC [...] Large Baby [...] OR 0.011, p=0.003""",Yes,Subject→Object,Negative,"""women self-reporting large-baby indication""",Unconditional,"""significant""",Asserted,"""Large-baby indication coded under prior_caesarean_indication_recurring as macrosomia tends to recur.""","""OR 0.011, p=0.003""",odds ratio,0.011,p-value,p=0.003,Original to this study,,"""Hierarchical binary logistic regression""",Statistical modelling,Association,"""United States""",Country,"""2013–2015""",multi-year,"""173 pregnant women""",Human
konheim-kalkstein2017,Results,v0.2.0-alpha,"""profession (medical field)""",medical_profession [UNVERIFIED],No,"""choice of VBAC""",tolac_attempt [UNVERIFIED],"""women employed in healthcare were 90% less likely to choose a VBAC than those not in healthcare fields""",Yes,Subject→Object,Negative,"""US convenience sample""",Unconditional,"""significantly""",Asserted,"""[FLAG] novel subject code: medical_profession.""","""OR 0.099, p=0.029""",odds ratio,0.099,p-value,p=0.029,Original to this study,,"""Hierarchical binary logistic regression""",Statistical modelling,Association,"""United States""",Country,"""2013–2015""",multi-year,"""173 pregnant women""",Human
konheim-kalkstein2017,Introduction,v0.2.0-alpha,"""trial of labour after caesarean""",tolac_attempt [UNVERIFIED],Yes,,,"""Of those who do attempt a vaginal delivery, approximately 75% are successful""",Yes,Indeterminate,Indeterminate,"""TOLAC""",Unconditional,"""approximately""",Probable,"""subject_trend_only=Yes: base rate of VBAC success in TOLAC.""","""approximately 75% success rate""",proportion,75%,Not reported,Not reported,Cited from prior work,"""Royal College of Obstetricians & Gynaecologists 2015 Green-Top Guideline No. 45""","""Clinical guideline review""",Review,Association,"""United Kingdom""",Country,"""Not reported""",Not reported,"""Women attempting TOLAC""",Human
konheim-kalkstein2017,Introduction,v0.2.0-alpha,"""high-risk women (obesity, gestational diabetes, hypertension)""",maternal_bmi,No,"""successful VBAC""",vbac_success,"""Even in higher-risk women (women with obesity, gestational diabetes or hypertension), a recently reported rate of successful VBAC of those who attempted was 68%""",Yes,Subject→Object,Negative,"""high-risk subgroup""",Population-specific,"""recently reported""",Probable,"""Coded subject=maternal_bmi as the representative obesity-related predictor; 68% lower than ~75% baseline.""","""68% success in high-risk vs ~75% baseline""",proportion,68%,Not reported,Not reported,Cited from prior work,"""Regan J, Keup C, Wolfe K, Snyder C, DeFranco E. J Perinatol 2015;35:252-257""","""Cited population-based study""",Statistical modelling,Association,"""United States""",Country,"""Not reported""",Not reported,"""Women with obesity, gestational diabetes, or hypertension attempting VBAC""",Human
lazarou2021,Results,v0.2.0-alpha,"""maternal age""",maternal_age,No,"""successful VBAC""",vbac_success,"""Women who were younger and those who had had any vaginal birth prior to CD or any prior VBAC were more likely to have a successful TOLAC [...] Maternal age OR 0.925 (0.879, 0.974) p=0.003""",Yes,Subject→Object,Negative,"""German tertiary hospital cohort""",Population-specific,"""statistically significant""",Asserted,,"""OR 0.925 (0.879, 0.974), p=0.003 per year""",odds ratio per year,0.925,95% CI,0.879-0.974,Original to this study,,"""Binary logistic regression on Grobman-style model""",Statistical modelling,Association,"""Charité-Universitätsmedizin Berlin, Campus Virchow Clinic, Germany""",Country,"""January 2014 to October 2017""",multi-year,"""348 women with one prior CS undergoing TOLAC""",Human
lazarou2021,Results,v0.2.0-alpha,"""any vaginal birth prior to CD""",prior_vaginal_birth,No,"""successful VBAC""",vbac_success,"""Any prior VB [...] OR 4.944 (1.798, 8.654), p=0.001""",Yes,Subject→Object,Positive,"""German cohort""",Population-specific,"""statistically significant""",Asserted,,"""OR 4.944 (1.798, 8.654), p=0.001""",odds ratio,4.944,95% CI,1.798-8.654,Original to this study,,"""Binary logistic regression""",Statistical modelling,Association,"""Germany""",Country,"""2014–2017""",multi-year,"""348 women""",Human
lazarou2021,Results,v0.2.0-alpha,"""any prior VBAC""",prior_successful_vbac,No,"""successful VBAC""",vbac_success,"""Any VBAC [...] OR 4.934 (2.417, 10.074), p<0.001""",Yes,Subject→Object,Positive,"""German cohort""",Population-specific,"""statistically significant""",Asserted,,"""OR 4.934 (2.417, 10.074), p<0.001""",odds ratio,4.934,95% CI,2.417-10.074,Original to this study,,"""Binary logistic regression""",Statistical modelling,Association,"""Germany""",Country,"""2014–2017""",multi-year,"""348 women""",Human
lazarou2021,Results,v0.2.0-alpha,"""BMI""",maternal_bmi,No,"""successful VBAC""",vbac_success,"""A lower BMI correlates statistically significant (p=0.042, ANOVA test) with a successful TOLAC""",Yes,Subject→Object,Negative,"""German cohort, univariate""",Unconditional,"""statistically significant""",Asserted,"""Univariate p=0.042; not significant in multivariate (OR 0.986 (0.937,1.038), p=0.602).""","""univariate mean 24.7 vs 23.4 vs 25.4 kg/m², p=0.042; multivariate OR 0.986 (0.937,1.038)""",odds ratio per unit,0.986,95% CI,0.937-1.038,Original to this study,,"""ANOVA + binary logistic regression""",Statistical modelling,Association,"""Germany""",Country,"""2014–2017""",multi-year,"""348 women""",Human
lazarou2021,Results,v0.2.0-alpha,"""fetal distress as indication of previous CS""",prior_caesarean_indication_recurring,No,"""successful VBAC""",vbac_success,"""Fetal distress as indication of the previous CD was associated with a higher rate of unsuccessful TOLAC (p=0.012, chi-squared test)""",Yes,Subject→Object,Negative,"""compared to breech reference""",Population-specific,"""associated""",Asserted,"""Coded as prior_caesarean_indication_recurring; fetal distress is debatable as recurring vs non-recurring, this paper treats it as recurring-like.""","""18/48 (37.5%) VBAC for fetal-distress indication vs 51.6% overall, p=0.012""",proportion,37.5%,Not reported,Not reported,Original to this study,,"""Chi-square comparison""",Statistical modelling,Association,"""Germany""",Country,"""2014–2017""",multi-year,"""348 women""",Human
lazarou2021,Results,v0.2.0-alpha,"""breech or other malpresentation as indication of previous CS""",prior_caesarean_indication_non_recurring,No,"""successful VBAC""",vbac_success,"""Women with previous CD because of breech or other malpresentation had statistically significant more often a VBAC than the average of this cohort (p=0.016, chi-squared test)""",Yes,Subject→Object,Positive,"""German cohort""",Population-specific,"""statistically significant""",Asserted,,"""43/64 (67.2%) VBAC for breech indication vs 51.6% overall, p=0.016""",proportion,67.2%,Not reported,Not reported,Original to this study,,"""Chi-square comparison""",Statistical modelling,Association,"""Germany""",Country,"""2014–2017""",multi-year,"""348 women""",Human
lazarou2021,Results,v0.2.0-alpha,"""birth weight at previous CD""",birth_weight_at_prior_cs [UNVERIFIED],No,"""successful VBAC""",vbac_success,"""A higher birth weight at the previous CD correlates negatively with a successful TOLAC""",Yes,Subject→Object,Negative,"""German cohort""",Unconditional,"""statistically significant""",Asserted,"""[FLAG] novel subject code: birth_weight_at_prior_cs (also seen in gonen2004).""","""mean 3046 g (VBAC) vs 3378 g (UICD), p=0.006""",mean difference,332,Not reported,Not reported,Original to this study,,"""ANOVA""",Statistical modelling,Association,"""Germany""",Country,"""2014–2017""",multi-year,"""348 women""",Human
lazarou2021,Results,v0.2.0-alpha,"""time between CD and beginning of current pregnancy""",inter_delivery_interval,No,"""successful VBAC""",vbac_success,"""Considering the time between CD and beginning of current pregnancy [...] differences are not statistically significant""",No,Subject→Object,Indeterminate,"""German cohort""",Unconditional,"""not statistically significant""",Possible,,"""mean 3.0 vs 2.2 vs 2.7 years, NS""",mean years,3.0,Not reported,Not reported,Original to this study,,"""Univariate""",Statistical modelling,Association,"""Germany""",Country,"""2014–2017""",multi-year,"""348 women""",Human
lazarou2021,Results,v0.2.0-alpha,"""trial of labor after caesarean""",uterine_rupture,Yes,,,"""There were 6 uterine ruptures in our cohort of 408 women with TOLAC, resulting in a uterine rupture rate of 1.47%""",Yes,Indeterminate,Indeterminate,"""TOLAC""",Population-specific,"""1.47%""",Asserted,"""subject_trend_only=Yes: rupture incidence reported.""","""6/408 = 1.47%""",rate,1.47%,Not reported,Not reported,Original to this study,,"""Retrospective cohort""",Observation,Association,"""Germany""",Country,"""2014–2017""",multi-year,"""408 women attempting TOLAC""",Human
lazarou2021,Discussion,v0.2.0-alpha,"""inter-delivery interval ≤ 24 months""",inter_delivery_interval,No,"""uterine rupture""",uterine_rupture,"""there is a two- to three-fold increase in the risk of uterine rupture at an interdelivery interval of ≤24 months, compared with an interval of >24 months""",Yes,Subject→Object,Negative,"""TOLAC""",Temporal,"""two- to three-fold increase""",Probable,"""Coded subject=inter_delivery_interval, valence=Negative (shorter interval → more rupture).""","""2-3x increase""",risk ratio,2-3,Not reported,Not reported,Cited from prior work,"""Bujold E, Mehta SH, Bujold C, Gauthier RJ. Am J Obstet Gynecol 2002;187:1199–1202""","""Cited cohort study""",Statistical modelling,Association,"""Canada""",Country,"""Not reported""",Not reported,"""Women attempting TOLAC""",Human
lazarou2021,Introduction,v0.2.0-alpha,"""birth induction with prostaglandins""",prostaglandin_use,No,"""uterine rupture""",uterine_rupture,"""One of the main avoidable risk factors for rupture is birth induction with prostaglandins, which is strictly contraindicated in our clinic""",Yes,Subject→Object,Positive,"""TOLAC""",Population-specific,"""main avoidable risk factor""",Asserted,,Not reported,narrative only,Not reported,Not reported,Not reported,Cited from prior work,"""Lydon-Rochelle M et al. N Engl J Med 2001;345:3–8; SOGC clinical practice guidelines 2005""","""Cited cohort and guidelines""",Statistical modelling,Association,"""USA / Canada""",Country,"""Not reported""",Not reported,"""Women attempting TOLAC""",Human
lazarou2021,Introduction,v0.2.0-alpha,"""trial of labor after caesarean delivery""",tolac_failure,No,"""perinatal mortality""",neonatal_mortality,"""perinatal mortality is significantly increased for TOLAC (0.13 vs. 0.05% for ERCD)""",Yes,Subject→Object,Positive,"""compared to elective repeat CD""",Unconditional,"""significantly""",Probable,"""Outcome on TOLAC vs ERCD comparison.""","""0.13% vs 0.05%""",proportion,0.13%,Not reported,Not reported,Cited from prior work,"""Guise JM et al. Obstet Gynecol 2010;115:1267–1278""","""Cited systematic review""",Review,Controlled comparison,"""United States""",Country,"""Not reported""",Not reported,"""Women with prior CS""",Human
obeidat2013,Results,v0.2.0-alpha,"""parity ≥ 2""",parity,No,"""successful VBAC""",vbac_success,"""Parity of two or more was significantly associated with increased odds of VBAC success (OR = 2.7; 95% CI: 1.2, 6.2)""",Yes,Subject→Object,Positive,"""Jordanian women with single previous low-transverse CS and spontaneous labour""",Population-specific,"""significantly""",Asserted,,"""OR 2.7 (1.2, 6.2), p=0.016""",odds ratio,2.7,95% CI,1.2-6.2,Original to this study,,"""Retrospective cohort with binary logistic regression""",Statistical modelling,Association,"""Two tertiary hospitals in North Jordan""",Country,"""January 2008 to February 2010""",multi-year,"""207 women with single previous low-transverse CS attempting VBAC""",Human
obeidat2013,Results,v0.2.0-alpha,"""previous VBAC""",prior_successful_vbac,No,"""successful VBAC""",vbac_success,"""women with previous VBAC had higher odds to achieve VBAC success (OR = 3.8; 95% CI: 1.5, 9.5)""",Yes,Subject→Object,Positive,"""Jordanian women""",Population-specific,"""significantly""",Asserted,,"""OR 3.8 (1.5, 9.5), p=0.004""",odds ratio,3.8,95% CI,1.5-9.5,Original to this study,,"""Retrospective cohort with binary logistic regression""",Statistical modelling,Association,"""North Jordan""",Country,"""2008–2010""",multi-year,"""207 women attempting VBAC""",Human
obeidat2013,Results,v0.2.0-alpha,"""maximal cervical dilatation ≥ 7 cm at time of previous caesarean""",cervical_dilation_at_prior_cs [UNVERIFIED],No,"""successful VBAC""",vbac_success,"""Women who achieved a maximal cervical dilatation of ≥7 cm at the time of previous caesarean were more likely to achieve VBAC success (OR = 5.9; 95% CI: 1.9, 18.3)""",Yes,Subject→Object,Positive,"""compared with maximal cervical dilatation < 7 cm""",Unconditional,"""significantly""",Asserted,"""[FLAG] novel subject code: cervical_dilation_at_prior_cs.""","""OR 5.9 (1.9, 18.3), p=0.002""",odds ratio,5.9,95% CI,1.9-18.3,Original to this study,,"""Retrospective cohort with binary logistic regression""",Statistical modelling,Association,"""North Jordan""",Country,"""2008–2010""",multi-year,"""207 women attempting VBAC""",Human
obeidat2013,Results,v0.2.0-alpha,"""inter-pregnancy interval > 2 years""",inter_delivery_interval,No,"""successful VBAC""",vbac_success,"""VBAC success rate was significantly associated with [...] inter-pregnancy interval [...] >2 years 65% vs ≤2 years 47%, p=0.018""",Yes,Subject→Object,Positive,"""Jordanian women, univariate analysis (not significant in multivariate)""",Unconditional,"""significantly""",Probable,"""Direction OPPOSITE to typical literature finding (Esposito 2000 suggested shorter interval lowers success). Likely confounded by parity.""","""univariate p=0.018; not significant in multivariate""",p-value only,Not reported,Not reported,Not reported,Original to this study,,"""Univariate chi-square""",Statistical modelling,Association,"""North Jordan""",Country,"""2008–2010""",multi-year,"""207 women attempting VBAC""",Human
obeidat2013,Results,v0.2.0-alpha,"""maternal age ≥ 30 years""",maternal_age,No,"""successful VBAC""",vbac_success,"""maternal age ≥30 years was 64% [vs <30 years 52%] p=0.113""",No,Subject→Object,Indeterminate,"""univariate analysis""",Unconditional,"""not significant""",Possible,"""Direction in this study (older = more success) opposite to most literature; authors attribute to higher parity in older group.""","""success rate 64% vs 52%, p=0.113""",proportion,64%,Not reported,Not reported,Original to this study,,"""Univariate chi-square""",Statistical modelling,Association,"""North Jordan""",Country,"""2008–2010""",multi-year,"""207 women attempting VBAC""",Human
obeidat2013,Results,v0.2.0-alpha,"""birth weight (≥ 4,000 g)""",macrosomia,No,"""successful VBAC""",vbac_success,"""Birth weight (g) ≥4,000 [...] 8 (38%) success [...] p=0.142""",No,Subject→Object,Indeterminate,"""univariate analysis""",Unconditional,"""not significant""",Possible,,"""success 38% vs 59% for 2,500–4,000, NS""",proportion,38%,Not reported,Not reported,Original to this study,,"""Univariate chi-square""",Statistical modelling,Association,"""North Jordan""",Country,"""2008–2010""",multi-year,"""207 women attempting VBAC""",Human
obeidat2013,Results,v0.2.0-alpha,"""indications for previous caesarean (failure to progress / cephalopelvic disproportion)""",prior_caesarean_indication_recurring,No,"""successful VBAC""",vbac_success,"""previous caesarean delivery for recurrent indications (48.6%)""",Yes,Subject→Object,Negative,"""univariate categorical comparison; not statistically significant overall (p=0.361)""",Unconditional,"""not significant""",Possible,"""Authors note direction consistent with literature; size of effect small in this study.""","""recurrent 48.6% vs non-recurrent 65.5%/52.2%, p=0.361""",proportion,48.6%,Not reported,Not reported,Original to this study,,"""Univariate chi-square""",Statistical modelling,Association,"""North Jordan""",Country,"""2008–2010""",multi-year,"""207 women attempting VBAC""",Human
obeidat2013,Results,v0.2.0-alpha,"""labour induction for previous caesarean delivery""",induction_of_labour,No,"""successful VBAC""",vbac_success,"""Labour induction for previous caesarean delivery [...] Yes 13 (42%) [...] p=0.076""",No,Subject→Object,Indeterminate,"""univariate""",Unconditional,"""not significant""",Possible,,"""success 42% with prior induction vs 59% without, p=0.076""",proportion,42%,Not reported,Not reported,Original to this study,,"""Univariate chi-square""",Statistical modelling,Association,"""North Jordan""",Country,"""2008–2010""",multi-year,"""207 women attempting VBAC""",Human
obeidat2013,Results,v0.2.0-alpha,"""previous elective vs previous emergency caesarean section""",prior_caesarean_indication_recurring,No,"""successful VBAC""",vbac_success,"""The VBAC success rate was not significantly different between women who had a previous elective caesarean section (57.7%) and those who had a previous emergency caesarean section (56.1%).""",No,Subject→Object,Indeterminate,"""univariate""",Unconditional,"""not significantly different""",Possible,"""[FLAG] Conflicts with Knight 2013 finding that emergency primary CS is associated with lower success.""","""57.7% vs 56.1%, NS""",proportion,57.7%,Not reported,Not reported,Original to this study,,"""Univariate chi-square""",Statistical modelling,Association,"""North Jordan""",Country,"""2008–2010""",multi-year,"""207 women attempting VBAC""",Human
obeidat2013,Results,v0.2.0-alpha,"""trial of labour after caesarean""",uterine_rupture,Yes,,,"""there was no reported uterine rupture or dehiscence""",No,Indeterminate,Indeterminate,"""Jordanian cohort""",Population-specific,"""no reported""",Asserted,"""subject_trend_only=Yes: incidence reported, no predictor relationship.""","""0 cases in 207 attempted VBAC""",count,0,Not reported,Not reported,Original to this study,,"""Retrospective chart review""",Observation,Association,"""North Jordan""",Country,"""2008–2010""",multi-year,"""207 women attempting VBAC""",Human
obeidat2013,Results,v0.2.0-alpha,"""failed VBAC""",tolac_failure,No,"""Apgar score at 1 min""",apgar_score,"""the average Apgar score at 1 min was significantly (p=0.005) lower for babies born to women who had failed VBAC (mean (SD) = 8.2 (0.6)) compared with those who were born for women with successful VBAC (mean (SD) = 8.6 (0.7))""",Yes,Subject→Object,Negative,"""Jordanian cohort""",Population-specific,"""significantly""",Asserted,,"""mean 8.2 (0.6) vs 8.6 (0.7), p=0.005""",mean difference,-0.4,Not reported,Not reported,Original to this study,,"""Univariate t-test""",Statistical modelling,Association,"""North Jordan""",Country,"""2008–2010""",multi-year,"""207 women attempting VBAC""",Human
obeidat2013,Discussion,v0.2.0-alpha,"""prior vaginal delivery""",prior_vaginal_birth,No,"""uterine rupture""",uterine_rupture,"""The one factor that has been found to be protective for uterine rupture is a history of a prior vaginal delivery""",Yes,Subject→Object,Negative,"""TOLAC""",Unconditional,"""has been found""",Probable,"""Cited claim; coded Negative (more prior vag birth → less uterine rupture risk).""",Not reported,narrative only,Not reported,Not reported,Not reported,Cited from prior work,"""Macones GA, Hausman N, Edelstein R. Am J Obstet Gynecol 2001;184:409–413""","""Cited statistical analysis""",Statistical modelling,Association,"""United States""",Country,"""Not reported""",Not reported,"""Women attempting VBAC""",Human
obeidat2013,Discussion,v0.2.0-alpha,"""induction of labour in primary caesarean""",induction_of_labour,No,"""uterine scar rupture""",uterine_rupture,"""induction of labour in primary CS has been found to be associated with a higher risk of scar rupture""",Yes,Subject→Object,Positive,"""subsequent trial of labour""",Temporal,"""associated""",Probable,,Not reported,narrative only,Not reported,Not reported,Not reported,Cited from prior work,"""Algert CS et al. Obstet Gynecol 2008;112:1061–1066""","""Cited cohort""",Statistical modelling,Association,"""Australia""",Country,"""Not reported""",Not reported,"""Women with prior CS""",Human
obeidat2013,Discussion,v0.2.0-alpha,"""failed attempt at VBAC""",tolac_failure,No,"""uterine rupture / dehiscence""",uterine_rupture,"""there is increasing evidence that a failed attempt at VBAC is associated with increased risk of uterine rupture/dehiscence""",Yes,Subject→Object,Positive,"""TOLAC outcome""",Unconditional,"""increasing evidence""",Probable,,Not reported,narrative only,Not reported,Not reported,Not reported,Cited from prior work,"""Landon MB et al. Am J Obstet Gynecol 2005;193:1016–1023""","""Cited registry""",Statistical modelling,Controlled comparison,"""United States""",Country,"""Not reported""",Not reported,"""Women attempting VBAC""",Human
olagbuji2010,Results,v0.2.0-alpha,"""recurrent indication for previous caesarean (cephalopelvic disproportion or obstructed labour)""",prior_caesarean_indication_recurring,No,"""successful VBAC""",vbac_success,"""a non-recurrent indication for previous caesarean section (p<0.001, odds ratio (95% CI) 0.32 (0.2–0.6))""",Yes,Subject→Object,Negative,"""Nigerian tertiary hospital cohort attempting VBAC in spontaneous labour""",Population-specific,"""significantly""",Asserted,"""Reported as 'non-recurrent' as the positive predictor; coded as recurrent → success Negative (OR 0.32 for non-recurrent vs recurrent → recurrent has higher failure).""","""OR 0.32 (0.2–0.6), p<0.001""",odds ratio,0.32,95% CI,0.2-0.6,Original to this study,,"""Multivariate logistic regression""",Statistical modelling,Association,"""University of Benin Teaching Hospital, Benin City, Edo State, Nigeria""",Country,"""Cohort study; period not specified""",multi-year,"""188 women attempting trial of vaginal delivery after a previous lower segment caesarean section""",Human
olagbuji2010,Results,v0.2.0-alpha,"""previous vaginal delivery""",prior_vaginal_birth,No,"""successful VBAC""",vbac_success,"""previous vaginal delivery (p<0.0001, odds ratio (95% CI) 3.90 (2.1–7.4))""",Yes,Subject→Object,Positive,"""Nigerian tertiary hospital""",Population-specific,"""significantly""",Asserted,,"""OR 3.90 (2.1–7.4), p<0.0001""",odds ratio,3.90,95% CI,2.1-7.4,Original to this study,,"""Multivariate logistic regression""",Statistical modelling,Association,"""Benin City, Nigeria""",Country,"""Not specified""",multi-year,"""188 women attempting VBAC""",Human
olagbuji2010,Results,v0.2.0-alpha,"""maternal age ≥ 35 years""",maternal_age,No,"""successful VBAC""",vbac_success,"""Maternal age (years) ≥35 [...] OR 0.62 (0.3–1.3) p=0.26""",No,Subject→Object,Indeterminate,"""Nigerian tertiary hospital""",Unconditional,"""not significant""",Possible,,"""OR 0.62 (0.3–1.3), p=0.26""",odds ratio,0.62,95% CI,0.3-1.3,Original to this study,,"""Multivariate logistic regression""",Statistical modelling,Association,"""Benin City, Nigeria""",Country,"""Not specified""",multi-year,"""188 women attempting VBAC""",Human
olagbuji2010,Results,v0.2.0-alpha,"""birth weight""",macrosomia,No,"""successful VBAC""",vbac_success,"""Birth weight (g) (mean ± SD) 3561 ± 439 vs 3423 ± 645 [...] p=0.11""",No,Subject→Object,Indeterminate,"""Nigerian tertiary hospital""",Unconditional,"""not significant""",Possible,"""[FLAG] No mean-difference effect estimate reported in multivariate.""","""mean diff 138 g, p=0.11""",mean difference,138,Not reported,Not reported,Original to this study,,"""Univariate t-test""",Statistical modelling,Association,"""Benin City, Nigeria""",Country,"""Not specified""",multi-year,"""188 women attempting VBAC""",Human
olagbuji2010,Results,v0.2.0-alpha,"""recurrent indication for previous caesarean section""",prior_caesarean_indication_recurring,No,"""postpartum haemorrhage""",postpartum_haemorrhage,"""Postpartum haemorrhage [...] recurrent 3.1% vs non-recurrent 0%, p=0.05""",Yes,Subject→Object,Positive,"""attempted VBAC""",Population-specific,"""statistically significant""",Probable,"""Small absolute numbers (2 vs 0).""","""3.1% vs 0%, p=0.05""",proportion,3.1%,Not reported,Not reported,Original to this study,,"""Chi-square / Fisher exact""",Statistical modelling,Association,"""Benin City, Nigeria""",Country,"""Not specified""",multi-year,"""188 women attempting VBAC""",Human
olagbuji2010,Results,v0.2.0-alpha,"""recurrent indication for previous caesarean section""",prior_caesarean_indication_recurring,No,"""endometritis""",endometritis,"""Endometritis [...] recurrent 4.7% vs non-recurrent 0.8%, p=0.02""",Yes,Subject→Object,Positive,"""attempted VBAC""",Population-specific,"""statistically significant""",Probable,,"""4.7% vs 0.8%, p=0.02""",proportion,4.7%,Not reported,Not reported,Original to this study,,"""Chi-square / Fisher exact""",Statistical modelling,Association,"""Benin City, Nigeria""",Country,"""Not specified""",multi-year,"""188 women attempting VBAC""",Human
olagbuji2010,Results,v0.2.0-alpha,"""attempted vaginal delivery after caesarean""",uterine_rupture,Yes,,,"""Uterine rupture/dehiscence [...] 10 cases in 188 attempted VBACs (5.3%)""",Yes,Indeterminate,Indeterminate,"""Nigerian tertiary hospital""",Population-specific,"""no significant difference between groups""",Asserted,"""subject_trend_only=Yes: incidence reported without paired predictor; 5.3% rate is notably high vs Western studies.""","""10/188 = 5.3% [4 recurrent vs 6 non-recurrent, NS p=0.68]""",rate,5.3%,Not reported,Not reported,Original to this study,,"""Retrospective cohort""",Observation,Association,"""Benin City, Nigeria""",Country,"""Not specified""",multi-year,"""188 women attempting VBAC""",Human
olagbuji2010,Discussion,v0.2.0-alpha,"""African descent""",ethnicity,No,"""pelvic floor area""",pelvic_anatomy [UNVERIFIED],"""smaller pelvic floor area in women of African descent compared with Caucasians""",Yes,Subject→Object,Negative,"""ethnicity comparison""",Population-specific,"""may partly be as a result of""",Possible,"""[FLAG] novel object code: pelvic_anatomy. Speculative mechanism for ethnicity disparity.""",Not reported,narrative only,Not reported,Not reported,Not reported,Cited from prior work,"""Baragi RV et al. Am J Obstet Gynecol 2002;187:111–115""","""Cited anatomical study""",Observation,Association,"""United States""",Country,"""Not reported""",Not reported,"""African American vs European American women""",Human
olagbuji2010,Introduction,v0.2.0-alpha,"""non-recurrent indication for previous caesarean section, previous vaginal delivery, infant birth weight < 4000 g, spontaneous onset of labour, gestational age < 40 weeks""",prior_vaginal_birth,No,"""successful VBAC""",vbac_success,"""Clinical predictors associated with a successful VBAC without maternal and fetal complications include a non-recurrent indication for the previous caesarean section, previous vaginal delivery, infant birth weight <4,000 g, spontaneous onset of labour and gestational age <40 weeks""",Yes,Subject→Object,Positive,"""composite predictor list""",Unconditional,"""associated""",Probable,"""Synthesised list of predictors cited from prior work; coded once with prior_vaginal_birth as representative subject.""",Not reported,narrative only,Not reported,Not reported,Not reported,Synthesised from multiple sources,"""Ola ER, Imosemi OD, Abudu OO. Afr J Med Med Sci 2001;30:61–66; Brill Y, Windrim R. J Obstet Gynecol Canada 2003;25:275–286""","""Cited reviews""",Review,Association,"""Nigeria; Canada""",Country,"""Not reported""",Not reported,"""Women with prior CS""",Human
seffah2014,Results,v0.2.0-alpha,"""birth weight 2.50-2.99 kg""",macrosomia,No,"""failed VBAC""",tolac_failure,"""Birth weight of 2.5-2.99kg was associated with the lowest incidence of failed TOLAC and repeat CS [...] Adjusted OR 0.288 (0.223-0.370)""",Yes,Subject→Object,Negative,"""West African tertiary hospital cohort""",Population-specific,"""statistically significant""",Asserted,"""Reported as failure outcome; coded valence Negative for birth-weight→failure (this weight range protective against failure).""","""AOR 0.288 (0.223-0.370), p<0.001""",odds ratio for failure,0.288,95% CI,0.223-0.370,Original to this study,,"""Multivariate logistic regression""",Statistical modelling,Association,"""Korle Bu Teaching Hospital, Accra, Ghana""",Country,"""January 2010 to December 2014""",multi-year,"""2,472 women with one prior CS undergoing TOLAC""",Human
seffah2014,Results,v0.2.0-alpha,"""birth weight ≥ 3.50 kg""",macrosomia,No,"""failed VBAC""",tolac_failure,"""Birth weights of less than 1.5kg, and 3.5Kg or greater were associated significantly with higher incidence failed TOLAC and emergency repeat CS [...] 3.50-3.99 kg AOR 4.025""",Yes,Subject→Object,Positive,"""Ghana cohort""",Population-specific,"""significantly""",Asserted,,"""AOR 4.025 (3.248-4.990) for 3.50-3.99 kg, p<0.001""",odds ratio for failure,4.025,95% CI,3.248-4.990,Original to this study,,"""Multivariate logistic regression""",Statistical modelling,Association,"""Ghana""",Country,"""2010–2014""",multi-year,"""2,472 women""",Human
seffah2014,Results,v0.2.0-alpha,"""birth weight ≥ 4.00 kg""",macrosomia,No,"""failed VBAC""",tolac_failure,"""=4.00 (n = 172) 126 (73.3) 4.815 [...] 3.898 (2.776-5.732), p<0.001""",Yes,Subject→Object,Positive,"""Ghana cohort""",Population-specific,"""significantly""",Asserted,,"""AOR 3.898 (2.776-5.732) for ≥4.00 kg, p<0.001""",odds ratio for failure,3.898,95% CI,2.776-5.732,Original to this study,,"""Multivariate logistic regression""",Statistical modelling,Association,"""Ghana""",Country,"""2010–2014""",multi-year,"""2,472 women""",Human
seffah2014,Results,v0.2.0-alpha,"""maternal age""",maternal_age,No,"""successful VBAC""",vbac_success,"""Women who had successful TOLAC were generally younger [...] Maternal age (years) 29.60 ± 5.03 vs 30.89 ± 4.99, p<0.001""",Yes,Subject→Object,Negative,"""Ghana cohort""",Population-specific,"""statistically significant""",Asserted,,"""mean 29.60 vs 30.89 yr, p<0.001""",mean difference,-1.29,Not reported,Not reported,Original to this study,,"""Independent t-test""",Statistical modelling,Association,"""Ghana""",Country,"""2010–2014""",multi-year,"""2,472 women""",Human
seffah2014,Results,v0.2.0-alpha,"""parity""",parity,No,"""successful VBAC""",vbac_success,"""higher parity [...] Parity 1.78 ± 1.01 vs 1.61 ± 1.07, p=0.001""",Yes,Subject→Object,Positive,"""Ghana cohort""",Population-specific,"""significant""",Asserted,,"""mean 1.78 vs 1.61, p=0.001""",mean difference,0.17,Not reported,Not reported,Original to this study,,"""Independent t-test""",Statistical modelling,Association,"""Ghana""",Country,"""2010–2014""",multi-year,"""2,472 women""",Human
seffah2014,Results,v0.2.0-alpha,"""number of ANC visits""",antenatal_care [UNVERIFIED],No,"""successful VBAC""",vbac_success,"""Number of ANC visits 6.09 ± 2.69 vs 6.78 ± 2.67, p=0.072""",No,Subject→Object,Indeterminate,"""Ghana cohort""",Unconditional,"""borderline""",Possible,"""[FLAG] novel subject code: antenatal_care.""","""mean 6.09 vs 6.78 visits, p=0.072""",mean difference,-0.69,Not reported,Not reported,Original to this study,,"""Independent t-test""",Statistical modelling,Association,"""Ghana""",Country,"""2010–2014""",multi-year,"""2,472 women""",Human
seffah2014,Results,v0.2.0-alpha,"""gestational age at delivery""",gestational_age,No,"""successful VBAC""",vbac_success,"""GA at delivery (weeks) 37.72 ± 2.65 vs 38.51 ± 2.23, p<0.001""",Yes,Subject→Object,Negative,"""Ghana cohort""",Temporal,"""statistically significant""",Asserted,,"""mean 37.72 vs 38.51 wk, p<0.001""",mean difference,-0.79,Not reported,Not reported,Original to this study,,"""Independent t-test""",Statistical modelling,Association,"""Ghana""",Country,"""2010–2014""",multi-year,"""2,472 women""",Human
seffah2014,Results,v0.2.0-alpha,"""Apgar score at 1 min""",apgar_score,No,"""successful VBAC""",vbac_success,"""Apgar score at 1 min 6.57 ± 1.90 vs 6.33 ± 1.73, p<0.026""",Yes,Object→Subject,Positive,"""Ghana cohort""",Population-specific,"""statistically significant""",Asserted,"""Direction Object→Subject: Apgar is outcome, not predictor. Successful VBAC has slightly higher Apgar at 1 min.""","""mean 6.57 vs 6.33, p<0.026""",mean difference,0.24,Not reported,Not reported,Original to this study,,"""Independent t-test""",Statistical modelling,Association,"""Ghana""",Country,"""2010–2014""",multi-year,"""2,472 women""",Human
seffah2014,Results,v0.2.0-alpha,"""TOLAC at Korle Bu""",uterine_rupture,Yes,,,"""4.3% of women who underwent TOLAC had uterine rupture""",Yes,Indeterminate,Indeterminate,"""West African tertiary hospital""",Population-specific,"""4.3%""",Asserted,"""subject_trend_only=Yes: rupture incidence reported. 4.3% is notably high vs 0.7% expected rate; suggests resource-limited setting effects.""","""4.3% (41/960 failed cases reported as ruptured uterus indication)""",rate,4.3%,Not reported,Not reported,Original to this study,,"""Retrospective cohort""",Observation,Association,"""Ghana""",Country,"""2010–2014""",multi-year,"""2,472 women undergoing TOLAC""",Human
seffah2014,Results,v0.2.0-alpha,"""indications for failed TOLAC""",prior_caesarean_indication_recurring,Yes,,,"""major indications for emergency repeat CS among women undergoing TOLAC were CPD (17.0%), failure to progress (16.0%), severe preeclampsia/eclampsia (15.4%), fetal macrosomia (13.0%), slow progress of labour (12.5%) and fetal distress (10.8%)""",Yes,Indeterminate,Indeterminate,"""Ghana cohort""",Population-specific,"""major indications""",Asserted,"""subject_trend_only=Yes: descriptive distribution of failure indications.""",Not reported,proportion,17.0%,Not reported,Not reported,Original to this study,,"""Retrospective cohort""",Observation,Association,"""Ghana""",Country,"""2010–2014""",multi-year,"""960 failed TOLAC women""",Human
seffah2014,Discussion,v0.2.0-alpha,"""advanced maternal age, gestational age > 40 weeks, maternal obesity, preeclampsia, short inter-pregnancy interval, increased neonatal birth weight, recurring indication like cephalopelvic disproportion""",maternal_bmi,No,"""failed TOLAC""",tolac_failure,"""well documented factors associated failed TOLAC such as advanced maternal age, gestational age greater than 40 weeks, maternal obesity, preeclampsia, short inter-pregnancy interval and increased neonatal birth weight and recurring indication like cephalopelvic disproportion (CPD)""",Yes,Subject→Object,Positive,"""TOLAC""",Population-specific,"""well documented""",Probable,"""Cited composite predictor list; coded with maternal_bmi as representative; multiple predictors bundled here.""",Not reported,narrative only,Not reported,Not reported,Not reported,Cited from prior work,"""ACOG Practice bulletin no. 115. Obstet Gynecol 2010;116(2):450-463""","""Cited clinical guideline""",Review,Association,"""United States""",Country,"""Not reported""",Not reported,"""Women attempting VBAC""",Human
