paper_id,paper_section,version,subject_raw,subject_code,subject_trend_only,object_raw,object_code,rel_raw,rel_exists,rel_direction,rel_valence,rel_conditionality_raw,rel_conditionality_code,rel_uncertainty_raw,rel_uncertainty_code,rel_exists_note,effect_raw,effect_metric,effect_magnitude,effect_error_metric,effect_error_magnitude,source_locus,source_citation_raw,method_raw,method_type,causal_inference_level,geographic_scope_raw,geographic_scope_code,temporal_scope_raw,temporal_scope_code,population_raw,population_code
asner2016,Abstract,v0.2.0-alpha,"gold mining",gold_mining,No,"deforestation",deforestation_and_forest_degradation,"Gold mining in Amazonia involves forest removal, soil excavation, and the use of liquid mercury, which together pose a major threat to biodiversity, water quality, forest carbon stocks, and human health.",Yes,Subject→Object,Positive,"Informal / ASGM",Population-specific,,Probable,"[2022-migration] derived from prior manual coding workbook",Not reported,narrative only,Not reported,Not reported,Not reported,Original to this study,,"Cumulative remote-sensing forest-loss mapping (Landsat) + multi-period overlay",Statistical modelling,Association,"Peru, Madre de Dios",Country,"1985-2017 cumulative",multi-year,"Peru, Madre de Dios; Informal / ASGM",Terrestrial ecosystem
asner2016,Abstract,v0.2.0-alpha,"gold mining",gold_mining,No,"soil excavation",soil_excavation_and_erosion,"Gold mining in Amazonia involves forest removal, soil excavation, and the use of liquid mercury, which together pose a major threat to biodiversity, water quality, forest carbon stocks, and human health.",Yes,Subject→Object,Positive,"Informal / ASGM",Population-specific,,Probable,"[2022-migration] derived from prior manual coding workbook",Not reported,narrative only,Not reported,Not reported,Not reported,Original to this study,,"Cumulative remote-sensing forest-loss mapping (Landsat) + multi-period overlay",Statistical modelling,Association,"Peru, Madre de Dios",Country,"1985-2017 cumulative",multi-year,"Peru, Madre de Dios; Informal / ASGM",Terrestrial ecosystem
asner2016,Abstract,v0.2.0-alpha,"gold mining",gold_mining,No,"mercury pollution",mercury_use,"Gold mining in Amazonia involves forest removal, soil excavation, and the use of liquid mercury, which together pose a major threat to biodiversity, water quality, forest carbon stocks, and human health.",Yes,Subject→Object,Positive,"Informal / ASGM",Population-specific,,Probable,"[2022-migration] derived from prior manual coding workbook",Not reported,narrative only,Not reported,Not reported,Not reported,Original to this study,,"Cumulative remote-sensing forest-loss mapping (Landsat) + multi-period overlay",Statistical modelling,Association,"Peru, Madre de Dios",Country,"1985-2017 cumulative",multi-year,"Peru, Madre de Dios; Informal / ASGM",Aquatic ecosystem
asner2016,Abstract,v0.2.0-alpha,"gold mining",gold_mining,No,"protected area encroachment",protected_areas,"Mining is now also thought to have entered federally protected areas",Yes,Subject→Object,Negative,"Informal / ASGM",Population-specific,,Probable,"[2022-migration] derived from prior manual coding workbook",Not reported,narrative only,Not reported,Not reported,Not reported,Original to this study,,"Cumulative remote-sensing forest-loss mapping (Landsat) + multi-period overlay",Statistical modelling,Association,"Peru, Madre de Dios",Country,"1985-2017 cumulative",multi-year,"Peru, Madre de Dios; Informal / ASGM",Terrestrial ecosystem
asner2016,Abstract,v0.2.0-alpha,"gold mining",gold_mining,No,"deforestation",deforestation_and_forest_degradation,"Regionally, gold mining-related losses of forest averaged 4437 ha yr−1",Yes,Subject→Object,Positive,"Informal / ASGM",Population-specific,,Probable,"[2022-migration] derived from prior manual coding workbook",Not reported,narrative only,Not reported,Not reported,Not reported,Original to this study,,"Cumulative remote-sensing forest-loss mapping (Landsat) + multi-period overlay",Statistical modelling,Association,"Peru, Madre de Dios",Country,"1985-2017 cumulative",multi-year,"Peru, Madre de Dios; Informal / ASGM",Terrestrial ecosystem
asner2016,Introduction,v0.2.0-alpha,"financial crisis",economic_instability,No,"higher gold prices",gold_prices,"In the southern Peruvian Amazon region of Madre de Dios, a global biodiversity hotspot (Myers et al 2000), multiple factors have propelled increasing levels of informal (sometimes called artisanal), and mostly illegal, gold mining. First, the 2008 global recession bolstered gold prices, and Madre de Dios exports about 70% of Peru's artisanal gold production to international markets (Swenson et al 2011).",Yes,Subject→Object,Positive,"Informal / ASGM",Population-specific,,Probable,"[2022-migration] derived from prior manual coding workbook",Not reported,narrative only,Not reported,Not reported,Not reported,Original to this study,,"Cumulative remote-sensing forest-loss mapping (Landsat) + multi-period overlay",Statistical modelling,Association,"Peru, Madre de Dios",Country,"1985-2017 cumulative",multi-year,"Peru, Madre de Dios; Informal / ASGM",Human
asner2016,Introduction,v0.2.0-alpha,"higher gold prices",gold_prices,No,"gold mining",gold_mining,"In the southern Peruvian Amazon region of Madre de Dios, a global biodiversity hotspot (Myers et al 2000), multiple factors have propelled increasing levels of informal (sometimes called artisanal), and mostly illegal, gold mining. First, the 2008 global recession bolstered gold prices, and Madre de Dios exports about 70% of Peru's artisanal gold production to international markets (Swenson et al 2011).",Yes,Subject→Object,Positive,"Informal / ASGM",Population-specific,,Probable,"[2022-migration] derived from prior manual coding workbook",Not reported,narrative only,Not reported,Not reported,Not reported,Original to this study,,"Cumulative remote-sensing forest-loss mapping (Landsat) + multi-period overlay",Statistical modelling,Association,"Peru, Madre de Dios",Country,"1985-2017 cumulative",multi-year,"Peru, Madre de Dios; Informal / ASGM",Human
asner2016,Introduction,v0.2.0-alpha,"road creation",road_creation,No,"in-migration",miner_influx,"Second, paving of the Interoceanic Highway through Madre de Dios greatly increased roadway access to forests and prime gold mining sites (Asner et al 2010).",Yes,Subject→Object,Positive,"Informal / ASGM",Population-specific,,Probable,"[2022-migration] derived from prior manual coding workbook",Not reported,narrative only,Not reported,Not reported,Not reported,Original to this study,,"Cumulative remote-sensing forest-loss mapping (Landsat) + multi-period overlay",Statistical modelling,Association,"Peru, Madre de Dios",Country,"1985-2017 cumulative",multi-year,"Peru, Madre de Dios; Informal / ASGM",Terrestrial ecosystem
asner2016,Introduction,v0.2.0-alpha,"in-migration",miner_influx,No,"gold mining",gold_mining,"Second, paving of the Interoceanic Highway through Madre de Dios greatly increased roadway access to forests and prime gold mining sites (Asner et al 2010).",Yes,Subject→Object,Positive,"Informal / ASGM",Population-specific,,Probable,"[2022-migration] derived from prior manual coding workbook",Not reported,narrative only,Not reported,Not reported,Not reported,Original to this study,,"Cumulative remote-sensing forest-loss mapping (Landsat) + multi-period overlay",Statistical modelling,Association,"Peru, Madre de Dios",Country,"1985-2017 cumulative",multi-year,"Peru, Madre de Dios; Informal / ASGM",Terrestrial ecosystem
asner2016,Introduction,v0.2.0-alpha,"socio-economic pressure to mine",economic_instability,No,"miner organization",mining_lobbies,"Fourth, social and economic pressure to prospect for gold has led to increased organization among miners, supported by local and regional political leaders, which has protected miner activities (Fraser 2009).",Yes,Subject→Object,Positive,"Informal / ASGM",Population-specific,,Probable,"[2022-migration] derived from prior manual coding workbook",Not reported,narrative only,Not reported,Not reported,Not reported,Original to this study,,"Cumulative remote-sensing forest-loss mapping (Landsat) + multi-period overlay",Statistical modelling,Association,"Peru, Madre de Dios",Country,"1985-2017 cumulative",multi-year,"Peru, Madre de Dios; Informal / ASGM",Human
asner2016,Introduction,v0.2.0-alpha,"miner ogranization",mining_lobbies,No,"enforcement",enforcement_and_other_barriers_to_entry,"Fourth, social and economic pressure to prospect for gold has led to increased organization among miners, supported by local and regional political leaders, which has protected miner activities (Fraser 2009).",Yes,Subject→Object,Negative,"Informal / ASGM",Population-specific,,Probable,"[2022-migration] derived from prior manual coding workbook",Not reported,narrative only,Not reported,Not reported,Not reported,Original to this study,,"Cumulative remote-sensing forest-loss mapping (Landsat) + multi-period overlay",Statistical modelling,Association,"Peru, Madre de Dios",Country,"1985-2017 cumulative",multi-year,"Peru, Madre de Dios; Informal / ASGM",Human
asner2016,Introduction,v0.2.0-alpha,"enforcement",enforcement_and_other_barriers_to_entry,No,"gold mining",gold_mining,"In response to forest losses and associated social and economic problems, the Peruvian government repeatedly carried out operations around the region to remove miners and destroy their equipment (Defensoría_del_Pueblo 2014, Gardner 2012).",Yes,Subject→Object,Negative,"Informal / ASGM",Population-specific,,Probable,"[2022-migration] derived from prior manual coding workbook",Not reported,narrative only,Not reported,Not reported,Not reported,Original to this study,,"Cumulative remote-sensing forest-loss mapping (Landsat) + multi-period overlay",Statistical modelling,Association,"Peru, Madre de Dios",Country,"1985-2017 cumulative",multi-year,"Peru, Madre de Dios; Informal / ASGM",Human
asner2016,Introduction,v0.2.0-alpha,"legal regulation",legal_regulation,No,"enforcement",enforcement_and_other_barriers_to_entry,"The government also announced numerous legal decrees in 2012 that set in motion actions to regulate the importation and trafficking of gold mining supplies including mercury and fuel (Peru 2012a, Peru 2012b, Peru 2012c, Peru 2012d, Peru 2012e, Peru 2012f, Peru 2012g, Peru 2012h, Peru 2012i).",Yes,Subject→Object,Positive,"Informal / ASGM",Population-specific,,Probable,"[2022-migration] derived from prior manual coding workbook",Not reported,narrative only,Not reported,Not reported,Not reported,Original to this study,,"Cumulative remote-sensing forest-loss mapping (Landsat) + multi-period overlay",Statistical modelling,Association,"Peru, Madre de Dios",Country,"1985-2017 cumulative",multi-year,"Peru, Madre de Dios; Informal / ASGM",Human
asner2016,Results,v0.2.0-alpha,"gold mining",gold_mining,No,"deforestation",deforestation_and_forest_degradation,"The maps of gold mining activities revealed extensive and temporally progressive forest loss throughout the region (figure 1).",Yes,Subject→Object,Positive,"Informal / ASGM",Population-specific,,Probable,"[2022-migration] derived from prior manual coding workbook",Not reported,narrative only,Not reported,Not reported,Not reported,Original to this study,,"Cumulative remote-sensing forest-loss mapping (Landsat) + multi-period overlay",Statistical modelling,Association,"Peru, Madre de Dios",Country,"1985-2017 cumulative",multi-year,"Peru, Madre de Dios; Informal / ASGM",Terrestrial ecosystem
asner2016,Results,v0.2.0-alpha,"gold mining",gold_mining,No,"protected area encroachment",protected_areas,"Critically, however, the protected area underwent a 37% increase in mining-related forest loss since 2012, at a 4 year average rate of 51+12 ha yr−1. As of October 2016, a total of 521 ha of forest have been lost to gold mining within the Reserve.",Yes,Subject→Object,Negative,"Informal / ASGM",Population-specific,,Probable,"[2022-migration] derived from prior manual coding workbook",Not reported,narrative only,Not reported,Not reported,Not reported,Original to this study,,"Cumulative remote-sensing forest-loss mapping (Landsat) + multi-period overlay",Statistical modelling,Association,"Peru, Madre de Dios",Country,"1985-2017 cumulative",multi-year,"Peru, Madre de Dios; Informal / ASGM",Terrestrial ecosystem
asner2016,Results,v0.2.0-alpha,"protected area encroachment",protected_areas,No,"deforestation",deforestation_and_forest_degradation,"Critically, however, the protected area underwent a 37% increase in mining-related forest loss since 2012, at a 4 year average rate of 51+12 ha yr−1. As of October 2016, a total of 521 ha of forest have been lost to gold mining within the Reserve.",Yes,Subject→Object,Negative,"Informal / ASGM",Population-specific,,Probable,"[2022-migration] derived from prior manual coding workbook",Not reported,narrative only,Not reported,Not reported,Not reported,Original to this study,,"Cumulative remote-sensing forest-loss mapping (Landsat) + multi-period overlay",Statistical modelling,Association,"Peru, Madre de Dios",Country,"1985-2017 cumulative",multi-year,"Peru, Madre de Dios; Informal / ASGM",Terrestrial ecosystem
asner2016,Discussion,v0.2.0-alpha,"mine creation",gold_mining,No,"deforestation",deforestation_and_forest_degradation,"Informal gold mining removes all forest species and the organic soil horizons underlying them (Malm 1998, Swenson et al 2011), and it leads to waters polluted by mercury-laden sediment, both within mining sites and suspended in rivers downstream (Limbong et al 2003).",Yes,Subject→Object,Positive,"Informal / ASGM",Population-specific,,Probable,"[2022-migration] derived from prior manual coding workbook",Not reported,narrative only,Not reported,Not reported,Not reported,Original to this study,,"Cumulative remote-sensing forest-loss mapping (Landsat) + multi-period overlay",Statistical modelling,Association,"Peru, Madre de Dios",Country,"1985-2017 cumulative",multi-year,"Peru, Madre de Dios; Informal / ASGM",Terrestrial ecosystem
asner2016,Discussion,v0.2.0-alpha,"gold mining",gold_mining,No,"soil excavation",soil_excavation_and_erosion,"Informal gold mining removes all forest species and the organic soil horizons underlying them (Malm 1998, Swenson et al 2011), and it leads to waters polluted by mercury-laden sediment, both within mining sites and suspended in rivers downstream (Limbong et al 2003).",Yes,Subject→Object,Positive,"Informal / ASGM",Population-specific,,Probable,"[2022-migration] derived from prior manual coding workbook",Not reported,narrative only,Not reported,Not reported,Not reported,Original to this study,,"Cumulative remote-sensing forest-loss mapping (Landsat) + multi-period overlay",Statistical modelling,Association,"Peru, Madre de Dios",Country,"1985-2017 cumulative",multi-year,"Peru, Madre de Dios; Informal / ASGM",Terrestrial ecosystem
asner2016,Discussion,v0.2.0-alpha,"mercury use",mercury_use,No,"water pollution with mercury-laden sediment",aquatic_mercury_pollution,"Informal gold mining removes all forest species and the organic soil horizons underlying them (Malm 1998, Swenson et al 2011), and it leads to waters polluted by mercury-laden sediment, both within mining sites and suspended in rivers downstream (Limbong et al 2003).",Yes,Subject→Object,Positive,"Informal / ASGM",Population-specific,,Probable,"[2022-migration] derived from prior manual coding workbook",Not reported,narrative only,Not reported,Not reported,Not reported,Original to this study,,"Cumulative remote-sensing forest-loss mapping (Landsat) + multi-period overlay",Statistical modelling,Association,"Peru, Madre de Dios",Country,"1985-2017 cumulative",multi-year,"Peru, Madre de Dios; Informal / ASGM",Aquatic ecosystem
asner2016,Discussion,v0.2.0-alpha,"miner ogranization",miner_organization,No,"enforcement",enforcement_and_other_barriers_to_entry,"Based on Law No. 29815, a series of measures issued by the government in 2012 established illegal mining offenses, and initiated the fight against money laundering and other crimes related to illegal mining (Peru 2012a, Peru 2012g, Peru 2012h). Interdictions were also established to enhance control of illegal mining (Peru 2012i). A national strategy for the interdiction for illegal mining has as its main goal to prioritize interdiction zones, among which is the buffer zone of the Tambopata National Reserve. Additionally, the 2012 legal measures included the control of the distribution, transport and commercialization of chemical inputs and equipment used for gold mining, especially mercury, potassium cyanide and sodium cyanide that damages human health and the environment (Peru 2012d, Peru 2012e). However, despite the interdictions that are said to have eradicated 90% of miners in the buffer zone in 2012–2013, which was apparent in our mapping results (figures 3 and 4(b)), a fast recovery of capacity by the miners to return to or look for new mining areas including the Tambopata",Yes,Subject→Object,Negative,"Informal / ASGM",Population-specific,,Probable,"[2022-migration] derived from prior manual coding workbook",Not reported,narrative only,Not reported,Not reported,Not reported,Original to this study,,"Cumulative remote-sensing forest-loss mapping (Landsat) + multi-period overlay",Statistical modelling,Association,"Peru, Madre de Dios",Country,"1985-2017 cumulative",multi-year,"Peru, Madre de Dios; Informal / ASGM",Human
asner2016,Discussion,v0.2.0-alpha,"enforcement",enforcement_and_other_barriers_to_entry,No,"mining operation",gold_mining,"Based on Law No. 29815, a series of measures issued by the government in 2012 established illegal mining offenses, and initiated the fight against money laundering and other crimes related to illegal mining (Peru 2012a, Peru 2012g, Peru 2012h). Interdictions were also established to enhance control of illegal mining (Peru 2012i). A national strategy for the interdiction for illegal mining has as its main goal to prioritize interdiction zones, among which is the buffer zone of the Tambopata National Reserve. Additionally, the 2012 legal measures included the control of the distribution, transport and commercialization of chemical inputs and equipment used for gold mining, especially mercury, potassium cyanide and sodium cyanide that damages human health and the environment (Peru 2012d, Peru 2012e). However, despite the interdictions that are said to have eradicated 90% of miners in the buffer zone in 2012–2013, which was apparent in our mapping results (figures 3 and 4(b)), a fast recovery of capacity by the miners to return to or look for new mining areas including the Tambopata",Yes,Subject→Object,Negative,"Informal / ASGM",Population-specific,,Probable,"But the enforcement effect is fleeting; [2022-migration] derived from prior manual coding workbook",Not reported,narrative only,Not reported,Not reported,Not reported,Original to this study,,"Cumulative remote-sensing forest-loss mapping (Landsat) + multi-period overlay",Statistical modelling,Association,"Peru, Madre de Dios",Country,"1985-2017 cumulative",multi-year,"Peru, Madre de Dios; Informal / ASGM",Human
asner2016,Discussion,v0.2.0-alpha,"higher gold prices",gold_prices,No,"gold mining",gold_mining,"Given the limited length of the timeseries thus far, we found it difficult to assess causality behind the inter-annual fluctuations in gold mining expansion. However, reported gold market prices are correlated with mining rates on interannual timescales (R2 = 0.43; p < 0.05).",Yes,Subject→Object,Positive,"Informal / ASGM",Population-specific,,Probable,"Correlational; [2022-migration] derived from prior manual coding workbook",Not reported,narrative only,Not reported,Not reported,Not reported,Original to this study,,"Cumulative remote-sensing forest-loss mapping (Landsat) + multi-period overlay",Statistical modelling,Association,"Peru, Madre de Dios",Country,"1985-2017 cumulative",multi-year,"Peru, Madre de Dios; Informal / ASGM",Human
asner2016,Discussion,v0.2.0-alpha,"gold mining",soil_excavation_and_erosion,No,"long-term degradation",barren_land,"There are also no known examples of large-scale restoration successes on previously mined landscapes (Román-Dañobeytia et al 2015).",Yes,Subject→Object,Positive,"Informal / ASGM",Population-specific,,Probable,"Note lack of restoration success; [2022-migration] derived from prior manual coding workbook",Not reported,narrative only,Not reported,Not reported,Not reported,Original to this study,,"Cumulative remote-sensing forest-loss mapping (Landsat) + multi-period overlay",Statistical modelling,Association,"Peru, Madre de Dios",Country,"1985-2017 cumulative",multi-year,"Peru, Madre de Dios; Informal / ASGM",Terrestrial ecosystem
asner2016,Discussion,v0.2.0-alpha,"informality",informality,No,"enforcement",enforcement_and_other_barriers_to_entry,"The problem with the enforcement of anti-mining laws rests in the clandestine and nomadic nature of gold mining activities.",Yes,Subject→Object,Negative,"Informal / ASGM",Population-specific,,Possible,"Maybe should be coded as 'enforcement efficacy' not 'enforcement'?; [2022-migration] derived from prior manual coding workbook",Not reported,narrative only,Not reported,Not reported,Not reported,Original to this study,,"Cumulative remote-sensing forest-loss mapping (Landsat) + multi-period overlay",Statistical modelling,Association,"Peru, Madre de Dios",Country,"1985-2017 cumulative",multi-year,"Peru, Madre de Dios; Informal / ASGM",Human
castilhos2006,Abstract,v0.2.0-alpha,"gold mining",gold_mining,No,"mercury use",mercury_use,"This study investigates the effects on fish and assesses human health hazards from mercury released in two gold mining areas in Indonesia: Tatelu (North Sulawesi Province) and Galangan (Katingan District, Central Kalimatan Province). In Tatelu, 154 fish specimens of 10 freshwater species were collected, as well as five marine species from the fish market. The mean concentration of total mercury in muscles of freshwater fish from this area was 0.58 ± 0.44 μg/g, with more than 45% of fish having Hg levels above the WHO guideline for human consumption of 0.5 μg/g. In Galangan, where 263 fish specimens of 25 species were collected, the total mercury in muscles averaged 0.25 ± 0.69 μg/g.",Yes,Subject→Object,Positive,"Mining company concession",Population-specific,,Possible,"Inferring the steps here; [2022-migration] derived from prior manual coding workbook",Not reported,narrative only,Not reported,Not reported,Not reported,Original to this study,,"Cross-sectional fish + sediment + human-hair mercury sampling at ASGM site",Observation,Association,"Indonesia, Talawanan watershed, North Sulawesi",Country,"2003-2004 sampling",snapshot,"Indonesia, Talawanan watershed, North Sulawesi; Mining company concession",Aquatic ecosystem
castilhos2006,Abstract,v0.2.0-alpha,"mercury use",mercury_use,No,"mecrury pollution",aquatic_mercury_pollution,"This study investigates the effects on fish and assesses human health hazards from mercury released in two gold mining areas in Indonesia: Tatelu (North Sulawesi Province) and Galangan (Katingan District, Central Kalimatan Province). In Tatelu, 154 fish specimens of 10 freshwater species were collected, as well as five marine species from the fish market. The mean concentration of total mercury in muscles of freshwater fish from this area was 0.58 ± 0.44 μg/g, with more than 45% of fish having Hg levels above the WHO guideline for human consumption of 0.5 μg/g. In Galangan, where 263 fish specimens of 25 species were collected, the total mercury in muscles averaged 0.25 ± 0.69 μg/g.",Yes,Subject→Object,Positive,"Mining company concession",Population-specific,,Probable,"[2022-migration] derived from prior manual coding workbook",Not reported,narrative only,Not reported,Not reported,Not reported,Original to this study,,"Cross-sectional fish + sediment + human-hair mercury sampling at ASGM site",Observation,Association,"Indonesia, Talawanan watershed, North Sulawesi",Country,"2003-2004 sampling",snapshot,"Indonesia, Talawanan watershed, North Sulawesi; Mining company concession",Aquatic ecosystem
castilhos2006,Abstract,v0.2.0-alpha,"mercury pollution",aquatic_mercury_pollution,No,"mercury bio-accumulation in fish",mercury_bio_accumulation,"This study investigates the effects on fish and assesses human health hazards from mercury released in two gold mining areas in Indonesia: Tatelu (North Sulawesi Province) and Galangan (Katingan District, Central Kalimatan Province). In Tatelu, 154 fish specimens of 10 freshwater species were collected, as well as five marine species from the fish market. The mean concentration of total mercury in muscles of freshwater fish from this area was 0.58 ± 0.44 μg/g, with more than 45% of fish having Hg levels above the WHO guideline for human consumption of 0.5 μg/g. In Galangan, where 263 fish specimens of 25 species were collected, the total mercury in muscles averaged 0.25 ± 0.69 μg/g.",Yes,Subject→Object,Positive,"Mining company concession",Population-specific,,Probable,"[2022-migration] derived from prior manual coding workbook",Not reported,narrative only,Not reported,Not reported,Not reported,Original to this study,,"Cross-sectional fish + sediment + human-hair mercury sampling at ASGM site",Observation,Association,"Indonesia, Talawanan watershed, North Sulawesi",Country,"2003-2004 sampling",snapshot,"Indonesia, Talawanan watershed, North Sulawesi; Mining company concession",Aquatic ecosystem
castilhos2006,Abstract,v0.2.0-alpha,"mercury bio-accumulation in fish",mercury_bio_accumulation,No,"mercury bio-accumulation in fish",human_health,"By using the single-compartment model to estimate mercury levels in blood and hair from daily intake dose, sub-area P4 showed the highest levels, higher than the upper limit guideline for pregnant women, but still lower than threshold levels associated with observed clinical effects.",Yes,Subject→Object,Negative,"Mining company concession",Population-specific,,Probable,"Note, mercury accumulation enough to exceed guidelines for pregnant women, but not enough to hospitalize people; [2022-migration] derived from prior manual coding workbook",Not reported,narrative only,Not reported,Not reported,Not reported,Original to this study,,"Cross-sectional fish + sediment + human-hair mercury sampling at ASGM site",Observation,Association,"Indonesia, Talawanan watershed, North Sulawesi",Country,"2003-2004 sampling",snapshot,"Indonesia, Talawanan watershed, North Sulawesi; Mining company concession",Aquatic ecosystem
castilhos2006,Introduction,v0.2.0-alpha,"dry season",dry_season,No,"gold mining",miner_influx,"Traditionally, the 150,000 inhabitants have relied on coconut, clove and nutmeg plantations, as well as fish farming. In 2003, when this study was initiated, there were 10,000 artisanal gold miners working the Talawaan river, a number that swells during the dry season (Limbong et al., 2003).",Yes,Subject→Object,Positive,"Mining company concession",Population-specific,,Probable,"Site specific information about dry season / wet season dynamics; [2022-migration] derived from prior manual coding workbook",Not reported,narrative only,Not reported,Not reported,Not reported,Original to this study,,"Cross-sectional fish + sediment + human-hair mercury sampling at ASGM site",Observation,Association,"Indonesia, Talawanan watershed, North Sulawesi",Country,"2003-2004 sampling",snapshot,"Indonesia, Talawanan watershed, North Sulawesi; Mining company concession",Aquatic ecosystem
castilhos2006,Introduction,v0.2.0-alpha,"gold mining",gold_mining,No,"amalgamation + cyanidation",mercury_use,"There are some 400 gold processing units in the area which produce roughly 300 kg Au/year by using amalgamation followed by cyanidation, releasing an estimated 20–30 tonnes Hg/year.",Yes,Subject→Object,Positive,"Mining company concession",Population-specific,,Probable,"[2022-migration] derived from prior manual coding workbook",Not reported,narrative only,Not reported,Not reported,Not reported,Original to this study,,"Cross-sectional fish + sediment + human-hair mercury sampling at ASGM site",Observation,Association,"Indonesia, Talawanan watershed, North Sulawesi",Country,"2003-2004 sampling",snapshot,"Indonesia, Talawanan watershed, North Sulawesi; Mining company concession",Aquatic ecosystem
castilhos2006,Introduction,v0.2.0-alpha,"amalgamation + cyanidation",mercury_use,No,"mercury pollution",atmospheric_mercury_pollution,"There are some 400 gold processing units in the area which produce roughly 300 kg Au/year by using amalgamation followed by cyanidation, releasing an estimated 20–30 tonnes Hg/year.",Yes,Subject→Object,Positive,"Mining company concession",Population-specific,,Probable,"[2022-migration] derived from prior manual coding workbook",Not reported,narrative only,Not reported,Not reported,Not reported,Original to this study,,"Cross-sectional fish + sediment + human-hair mercury sampling at ASGM site",Observation,Association,"Indonesia, Talawanan watershed, North Sulawesi",Country,"2003-2004 sampling",snapshot,"Indonesia, Talawanan watershed, North Sulawesi; Mining company concession",Aquatic ecosystem
castilhos2006,Introduction,v0.2.0-alpha,"amalgalm burning",mercury_use,No,"atmospheric mercury pollution",atmospheric_mercury_pollution,"Mercury excess is recovered in a plastic bowl followed by manual filtering of the amalgam in a piece of canvas. The resulting amalgam is retorted or simply burned in open air. Martens (2000) visited 133 milling operations in the Tatelu region and estimated an average of 15 kg/month/milling unit of mercury lost to the environment, reaching up to 72 tonnes Hg/year. A unit with 12 mills recovers 4–6 g of gold per cycle (0.3–0.5 g Au/mill). Millers operate 8 h/day, 6 days a week (Veiga, 2003).",Yes,Subject→Object,Positive,"Mining company concession",Population-specific,,Probable,"[2022-migration] derived from prior manual coding workbook",Not reported,narrative only,Not reported,Not reported,Not reported,Original to this study,,"Cross-sectional fish + sediment + human-hair mercury sampling at ASGM site",Observation,Association,"Indonesia, Talawanan watershed, North Sulawesi",Country,"2003-2004 sampling",snapshot,"Indonesia, Talawanan watershed, North Sulawesi; Mining company concession",Aquatic ecosystem
castilhos2006,Introduction,v0.2.0-alpha,"amalgalm burning",mercury_use,No,"contaminated amalgamation wastes",mercury_contaminated_tailings,"This entire process generates amalgamation wastes highly contaminated with finely dispersed Hg droplets.",Yes,Subject→Object,Positive,"Mining company concession",Population-specific,,Probable,"[2022-migration] derived from prior manual coding workbook",Not reported,narrative only,Not reported,Not reported,Not reported,Original to this study,,"Cross-sectional fish + sediment + human-hair mercury sampling at ASGM site",Observation,Association,"Indonesia, Talawanan watershed, North Sulawesi",Country,"2003-2004 sampling",snapshot,"Indonesia, Talawanan watershed, North Sulawesi; Mining company concession",Aquatic ecosystem
castilhos2006,Introduction,v0.2.0-alpha,"cyanidation",cyanide_use,No,"bioavailability of hg in aquatic systems",cyanide_pollution,"Exacerbating the situation, miners also use cyanide to recover residual gold from these contaminated wastes—a procedure believed to increase the bioavailability of Hg in aquatic systems.  Gunson and Veiga (2004) investigated the effects of leaching Hg-contaminated tailings through cyanidation and have observed that cyanidation tailings presents less Hg than the original amalgamation tailings, while a large portion of the Hg is water-soluble and much more bioavailable than metallic mercury.",Yes,Subject→Object,Positive,"Mining company concession",Population-specific,,Probable,"[2022-migration] derived from prior manual coding workbook",Not reported,narrative only,Not reported,Not reported,Not reported,Original to this study,,"Cross-sectional fish + sediment + human-hair mercury sampling at ASGM site",Observation,Association,"Indonesia, Talawanan watershed, North Sulawesi",Country,"2003-2004 sampling",snapshot,"Indonesia, Talawanan watershed, North Sulawesi; Mining company concession",Aquatic ecosystem
castilhos2006,Introduction,v0.2.0-alpha,"amalgamation",mercury_use,No,"water pollution of domestic water sources",aquatic_mercury_pollution,"The concentrate is manually amalgamated in flooded open pits beside miners' homes. Miners use 1–2 kg of mercury to amalgamate 5–10 kg of concentrate (Veiga, 2003). The water from these pools is used for domestic purposes.",Yes,Subject→Object,Positive,"Mining company concession",Population-specific,,Probable,"[2022-migration] derived from prior manual coding workbook",Not reported,narrative only,Not reported,Not reported,Not reported,Original to this study,,"Cross-sectional fish + sediment + human-hair mercury sampling at ASGM site",Observation,Association,"Indonesia, Talawanan watershed, North Sulawesi",Country,"2003-2004 sampling",snapshot,"Indonesia, Talawanan watershed, North Sulawesi; Mining company concession",Aquatic ecosystem
castilhos2006,Discussion,v0.2.0-alpha,"mercury pollution",aquatic_mercury_pollution,No,"mercury bio-accumulation in fish",mercury_bio_accumulation,"The total mercury in fish from Tatelu and Galangan is shown in Table 2. In spite of their smaller size,5 mean total mercury in fish from Tatelu was higher than fish from Galangan; 45% of fish tested from Tatelu had Hg levels exceeding WHO guidelines, as opposed to just 10% from Galangan. The mean total Hg in muscles of fish from Tatelu was 0.58 ± 0.44 μg/g (N = 131), whereas mean Hg in specimens from Galangan were 0.25 ± 0.69 μg/g. Table 3 shows total Hg concentrations in fish (μg/g) of distinct sites in Tatelu and Galangan...To establish if there is a correlation between Hg levels and fish and gold mining in the area, GMP researchers measured Hg levels in a fish from the Toldano River, a part of the Tatelu region where there is no mining activity. Low Hg levels were found in this site (T6), in spite favorable conditions for methylation created by a hydroelectric plant lake (Schetagne and Verdon, 1999). Mercury levels in T6 were the lowest of any site tested (0.002 ± 0.01 N = 6), and used as a reference area....By contrast, a dam reservoir in Talawaan River (T2)–where there is significant gold processing occurring–showed the highest mercury levels in fish. Two additional sites (T3 and T4), which were also downstream of gold mining activity, showed higher mercury levels in fish than the reference area. Mercury levels in an estuarine environment (T5) were not significantly different from the reference area, while marine fish samples from the fish market in Manado (T7) also had very low Hg levels (0.03 ± 0.02; n = 24).",Yes,Subject→Object,Positive,"Mining company concession",Population-specific,,Probable,"[2022-migration] derived from prior manual coding workbook",Not reported,narrative only,Not reported,Not reported,Not reported,Original to this study,,"Cross-sectional fish + sediment + human-hair mercury sampling at ASGM site",Observation,Association,"Indonesia, Talawanan watershed, North Sulawesi",Country,"2003-2004 sampling",snapshot,"Indonesia, Talawanan watershed, North Sulawesi; Mining company concession",Aquatic ecosystem
castilhos2006,Discussion,v0.2.0-alpha,"mercury pollution",aquatic_mercury_pollution,No,"mercury bio-accumulation in fish",mercury_bio_accumulation,"In fish from Galangan, higher Hg levels were observed in samples taken from areas located in close proximity and downstream from gold mining areas. In spite the relatively small size of the fish, the highest occurrence of Hg was found in fish from water pools (P4) where lack of proper sanitation in the area forces people to use the water for both gold processing and domestics purposes, including dumping household wastes. ",Yes,Subject→Object,Positive,"Mining company concession",Population-specific,,Probable,"[2022-migration] derived from prior manual coding workbook",Not reported,narrative only,Not reported,Not reported,Not reported,Original to this study,,"Cross-sectional fish + sediment + human-hair mercury sampling at ASGM site",Observation,Association,"Indonesia, Talawanan watershed, North Sulawesi",Country,"2003-2004 sampling",snapshot,"Indonesia, Talawanan watershed, North Sulawesi; Mining company concession",Aquatic ecosystem
castilhos2006,Discussion,v0.2.0-alpha,"amalgamation",aquatic_mercury_pollution,No,"water pollution of domestic water sources",mercury_bio_accumulation,"In fish from Galangan, higher Hg levels were observed in samples taken from areas located in close proximity and downstream from gold mining areas. In spite the relatively small size of the fish, the highest occurrence of Hg was found in fish from water pools (P4) where lack of proper sanitation in the area forces people to use the water for both gold processing and domestics purposes, including dumping household wastes. ",Yes,Subject→Object,Positive,"Mining company concession",Population-specific,,Probable,"[2022-migration] derived from prior manual coding workbook",Not reported,narrative only,Not reported,Not reported,Not reported,Original to this study,,"Cross-sectional fish + sediment + human-hair mercury sampling at ASGM site",Observation,Association,"Indonesia, Talawanan watershed, North Sulawesi",Country,"2003-2004 sampling",snapshot,"Indonesia, Talawanan watershed, North Sulawesi; Mining company concession",Aquatic ecosystem
castilhos2006,Discussion,v0.2.0-alpha,"water pollution of domestic water sources",mercury_bio_accumulation,No,"consumption of polluted fish",human_health,"But at the same time, families living in Galangan are consuming fish from the highly contaminated domestic water pools (P4 site).",Yes,Subject→Object,Negative,"Mining company concession",Population-specific,,Probable,"[2022-migration] derived from prior manual coding workbook",Not reported,narrative only,Not reported,Not reported,Not reported,Original to this study,,"Cross-sectional fish + sediment + human-hair mercury sampling at ASGM site",Observation,Association,"Indonesia, Talawanan watershed, North Sulawesi",Country,"2003-2004 sampling",snapshot,"Indonesia, Talawanan watershed, North Sulawesi; Mining company concession",Aquatic ecosystem
castilhos2006,Discussion,v0.2.0-alpha,"water pollution of domestic water sources",mercury_bio_accumulation,No,"consumption of polluted fish",human_health,"Excluding samples purchased at the market, all of the fish from both Tatelu and Galangan had HQ above one. The samples had an average HQ of 2.4, with the water pools (P4) having the highest (9.9) HQ of all the samples. These results point to a serious situation where people consuming local fish taken from areas downstream of gold mines are at risk of MeHg exposure.",Yes,Subject→Object,Negative,"Mining company concession",Population-specific,,Probable,"[2022-migration] derived from prior manual coding workbook",Not reported,narrative only,Not reported,Not reported,Not reported,Original to this study,,"Cross-sectional fish + sediment + human-hair mercury sampling at ASGM site",Observation,Association,"Indonesia, Talawanan watershed, North Sulawesi",Country,"2003-2004 sampling",snapshot,"Indonesia, Talawanan watershed, North Sulawesi; Mining company concession",Aquatic ecosystem
castilhos2006,Discussion,v0.2.0-alpha,"consumption of polluted fish",mercury_bio_accumulation,No,"increased mercury levels in blood and hair",human_health,"The results showing elevated Hg levels in fish around gold mining areas corresponded with the Hg levels measured in the blood and hair of the people living in these areas. ",Yes,Subject→Object,Negative,"Mining company concession",Population-specific,,Probable,"[2022-migration] derived from prior manual coding workbook",Not reported,narrative only,Not reported,Not reported,Not reported,Original to this study,,"Cross-sectional fish + sediment + human-hair mercury sampling at ASGM site",Observation,Association,"Indonesia, Talawanan watershed, North Sulawesi",Country,"2003-2004 sampling",snapshot,"Indonesia, Talawanan watershed, North Sulawesi; Mining company concession",Aquatic ecosystem
castilhos2006,Discussion,v0.2.0-alpha,"amalgalm burning",atmospheric_mercury_pollution,No,"increased mercury levels in blood and hair",human_health," Higher blood and hair levels were observed in the people responsible for burning gold-mercury amalgam, though up to 60% of Hg found in the hair of this sub-population is likely inorganic (Rodrigues et al., 2004). The single-compartment model (WHO, 1990) calculates the steady-state Hg concentration in blood (C) in μg l− 1. This is related to the average daily dietary intake (d in μg of Hg), as follows: C = 0.95 d. Mercury concentration in hair is proportional to blood concentrations at the time of the formation of the hair strand. The blood–hair ratio in humans is about 250, but appreciable individual differences have been found (WHO, 1990). The Hg levels in blood of the average population of NS (30.8 μg l− 1) and of CK (16.1 μg l− 1) and in hair of those populations (7.7 μg g− 1 and 4.0 μg g− 1, respectively).",Yes,Subject→Object,Negative,"Mining company concession",Population-specific,,Probable,"Inorganic mercury consumption / accumulation not a health problem - intake of methyl-mercury from fish is the bigger problem; [2022-migration] derived from prior manual coding workbook",Not reported,narrative only,Not reported,Not reported,Not reported,Original to this study,,"Cross-sectional fish + sediment + human-hair mercury sampling at ASGM site",Observation,Association,"Indonesia, Talawanan watershed, North Sulawesi",Country,"2003-2004 sampling",snapshot,"Indonesia, Talawanan watershed, North Sulawesi; Mining company concession",Aquatic ecosystem
castilhos2006,Discussion,v0.2.0-alpha,"increased mercury levels in blood and hair",atmospheric_mercury_pollution,No,"increased human health risks",human_health,"The estimated Hg levels in hair from inhabitants of Galangan are higher than the LBT, but lower than the upper limit guideline for pregnant women. The calculated levels of MeHg ingestion for those consuming fish from the Tatelu and Galangan markets are close to the levels found in non-exposed population. The highest risk is related to those ingesting fish from the Galangan water pools (CK-P4). This is higher than the upper limit guideline for pregnant women, but than levels associated with threshold to observe clinical effects.",Yes,Subject→Object,Negative,"Mining company concession",Population-specific,,Probable,"But note that there is mixed evidence that levels sufficient for serious health risks have been reached; [2022-migration] derived from prior manual coding workbook",Not reported,narrative only,Not reported,Not reported,Not reported,Original to this study,,"Cross-sectional fish + sediment + human-hair mercury sampling at ASGM site",Observation,Association,"Indonesia, Talawanan watershed, North Sulawesi",Country,"2003-2004 sampling",snapshot,"Indonesia, Talawanan watershed, North Sulawesi; Mining company concession",Aquatic ecosystem
castilhos2006,Discussion,v0.2.0-alpha,"amalgamation",mercury_use,No,"mercury pollution in tailings",mercury_contaminated_tailings,"However, amalgamation of the whole ore in the grinding system is causing excessive losses of Hg with the fine tailings. This mercury is becoming bioavailable and methylating in the aquatic system. ",Yes,Subject→Object,Positive,"Mining company concession",Population-specific,,Probable,"[2022-migration] derived from prior manual coding workbook",Not reported,narrative only,Not reported,Not reported,Not reported,Original to this study,,"Cross-sectional fish + sediment + human-hair mercury sampling at ASGM site",Observation,Association,"Indonesia, Talawanan watershed, North Sulawesi",Country,"2003-2004 sampling",snapshot,"Indonesia, Talawanan watershed, North Sulawesi; Mining company concession",Aquatic ecosystem
castilhos2006,Discussion,v0.2.0-alpha,"merucry pollution in tailings",mercury_contaminated_tailings,No,"methylation in aquatic system",aquatic_mercury_pollution,"However, amalgamation of the whole ore in the grinding system is causing excessive losses of Hg with the fine tailings. This mercury is becoming bioavailable and methylating in the aquatic system. ",Yes,Subject→Object,Positive,"Mining company concession",Population-specific,,Probable,"[2022-migration] derived from prior manual coding workbook",Not reported,narrative only,Not reported,Not reported,Not reported,Original to this study,,"Cross-sectional fish + sediment + human-hair mercury sampling at ASGM site",Observation,Association,"Indonesia, Talawanan watershed, North Sulawesi",Country,"2003-2004 sampling",snapshot,"Indonesia, Talawanan watershed, North Sulawesi; Mining company concession",Aquatic ecosystem
castilhos2006,Discussion,v0.2.0-alpha,"methylation in aquatic system",mercury_use,No,"bioavailability of hg in aquatic systems",aquatic_mercury_pollution,"However, amalgamation of the whole ore in the grinding system is causing excessive losses of Hg with the fine tailings. This mercury is becoming bioavailable and methylating in the aquatic system. ",Yes,Subject→Object,Positive,"Mining company concession",Population-specific,,Probable,"[2022-migration] derived from prior manual coding workbook",Not reported,narrative only,Not reported,Not reported,Not reported,Original to this study,,"Cross-sectional fish + sediment + human-hair mercury sampling at ASGM site",Observation,Association,"Indonesia, Talawanan watershed, North Sulawesi",Country,"2003-2004 sampling",snapshot,"Indonesia, Talawanan watershed, North Sulawesi; Mining company concession",Aquatic ecosystem
castilhos2006,Discussion,v0.2.0-alpha,"cyanidation",cyanide_use,No,"bioavailability of hg in aquatic systems",aquatic_mercury_pollution,"Moreover, the indiscriminate use of cyanide to leach Hg-contaminated tailings in Tatelu is likely contributing to the higher bioavailability of mercury in the Talawaan River.",Yes,Subject→Object,Positive,"Mining company concession",Population-specific,,Probable,"[2022-migration] derived from prior manual coding workbook",Not reported,narrative only,Not reported,Not reported,Not reported,Original to this study,,"Cross-sectional fish + sediment + human-hair mercury sampling at ASGM site",Observation,Association,"Indonesia, Talawanan watershed, North Sulawesi",Country,"2003-2004 sampling",snapshot,"Indonesia, Talawanan watershed, North Sulawesi; Mining company concession",Aquatic ecosystem
castilhos2006,Introduction,v0.2.0-alpha,"gold mining",gold_mining,No,"amalgamation + cyanidation",cyanide_use,"There are some 400 gold processing units in the area which produce roughly 300 kg Au/year by using amalgamation followed by cyanidation, releasing an estimated 20–30 tonnes Hg/year.",Yes,Subject→Object,Positive,"Mining company concession",Population-specific,,Probable,"[2022-migration] derived from prior manual coding workbook",Not reported,narrative only,Not reported,Not reported,Not reported,Original to this study,,"Cross-sectional fish + sediment + human-hair mercury sampling at ASGM site",Observation,Association,"Indonesia, Talawanan watershed, North Sulawesi",Country,"2003-2004 sampling",snapshot,"Indonesia, Talawanan watershed, North Sulawesi; Mining company concession",Aquatic ecosystem
castilhos2006,Introduction,v0.2.0-alpha,"amalgamation",aquatic_mercury_pollution,No,"water pollution of domestic water sources",human_health,"The concentrate is manually amalgamated in flooded open pits beside miners' homes. Miners use 1–2 kg of mercury to amalgamate 5–10 kg of concentrate (Veiga, 2003). The water from these pools is used for domestic purposes.",Yes,Subject→Object,Negative,"Mining company concession",Population-specific,,Probable,"[2022-migration] derived from prior manual coding workbook",Not reported,narrative only,Not reported,Not reported,Not reported,Original to this study,,"Cross-sectional fish + sediment + human-hair mercury sampling at ASGM site",Observation,Association,"Indonesia, Talawanan watershed, North Sulawesi",Country,"2003-2004 sampling",snapshot,"Indonesia, Talawanan watershed, North Sulawesi; Mining company concession",Aquatic ecosystem
fearnside2001,Discussion,v0.2.0-alpha,"large-scale commercial agriculture",large_scale_commercial_agriculture,No,"road construction",road_construction,"Plans for soybean production in the state of Acre are given as a justification for building the Road to the Pacific, either via Assis Brasil (in southern Acre) and Cuzco, Peru, or via Cruzeiro do Sul (in western Acre) and Pucallpa, Peru (Fig. 3).",Yes,Subject→Object,Positive,"Informal / ASGM",Population-specific,,Probable,"[2022-migration] derived from prior manual coding workbook",Not reported,narrative only,Not reported,Not reported,Not reported,Synthesised from multiple sources,,"Review / narrative synthesis on land-use drivers in the Brazilian Amazon",Review,Association,"Brazil, Amazonian deforestation froniter",Country,"1990s-2000 review window",multi-year,"Brazil, Amazonian deforestation froniter; Informal / ASGM",Terrestrial ecosystem
fearnside2001,Discussion,v0.2.0-alpha,"collapse of family agriculture",large_scale_commercial_agriculture,No,"social disparities",social_inequality,"Family agriculture in Maranhão is rapidly retreating before the advance of soybeans, aggravating social disparities in a state that is already notorious for poverty and social inequalities (Carneiro 1999). Maranhão is also one of the largest sources of migrants to Amazonia, supplying population to both pioneer settlement areas and the gold-rush in garimpos (wildcat mining areas) (see, for example MacMillan 1995; Cleary 2000).",Yes,Subject→Object,Positive,"Informal / ASGM",Population-specific,,Probable,"[2022-migration] derived from prior manual coding workbook",Not reported,narrative only,Not reported,Not reported,Not reported,Synthesised from multiple sources,,"Review / narrative synthesis on land-use drivers in the Brazilian Amazon",Review,Association,"Brazil, Amazonian deforestation froniter",Country,"1990s-2000 review window",multi-year,"Brazil, Amazonian deforestation froniter; Informal / ASGM",Human
fearnside2001,Discussion,v0.2.0-alpha,"social disparities",social_inequality,No,"migration to gold mining sites",miner_influx,"Family agriculture in Maranhão is rapidly retreating before the advance of soybeans, aggravating social disparities in a state that is already notorious for poverty and social inequalities (Carneiro 1999). Maranhão is also one of the largest sources of migrants to Amazonia, supplying population to both pioneer settlement areas and the gold-rush in garimpos (wildcat mining areas) (see, for example MacMillan 1995; Cleary 2000).",Yes,Subject→Object,Positive,"Informal / ASGM",Population-specific,,Probable,"[2022-migration] derived from prior manual coding workbook",Not reported,narrative only,Not reported,Not reported,Not reported,Synthesised from multiple sources,,"Review / narrative synthesis on land-use drivers in the Brazilian Amazon",Review,Association,"Brazil, Amazonian deforestation froniter",Country,"1990s-2000 review window",multi-year,"Brazil, Amazonian deforestation froniter; Informal / ASGM",Human
fearnside2001,Discussion,v0.2.0-alpha,"migration to gold mining sites",miner_influx,No,"gold mining",gold_mining,"Family agriculture in Maranhão is rapidly retreating before the advance of soybeans, aggravating social disparities in a state that is already notorious for poverty and social inequalities (Carneiro 1999). Maranhão is also one of the largest sources of migrants to Amazonia, supplying population to both pioneer settlement areas and the gold-rush in garimpos (wildcat mining areas) (see, for example MacMillan 1995; Cleary 2000).",Yes,Subject→Object,Positive,"Informal / ASGM",Population-specific,,Probable,"[2022-migration] derived from prior manual coding workbook",Not reported,narrative only,Not reported,Not reported,Not reported,Synthesised from multiple sources,,"Review / narrative synthesis on land-use drivers in the Brazilian Amazon",Review,Association,"Brazil, Amazonian deforestation froniter",Country,"1990s-2000 review window",multi-year,"Brazil, Amazonian deforestation froniter; Informal / ASGM",Terrestrial ecosystem
fearnside2001,Discussion,v0.2.0-alpha,"gold mining",gold_mining,No,"mercury pollution",mercury_use,"Gold-mining causes severe environmental and social impacts, including mercury pollution, release of large quantities of sediment into the headwaters of Amazonian rivers, and invasion of indigenous lands, exposing the Indians to disease, violence and deculturation, as well as impeding the recognition and demarcation of reserves",Yes,Subject→Object,Positive,"Informal / ASGM",Population-specific,,Probable,"[2022-migration] derived from prior manual coding workbook",Not reported,narrative only,Not reported,Not reported,Not reported,Synthesised from multiple sources,,"Review / narrative synthesis on land-use drivers in the Brazilian Amazon",Review,Association,"Brazil, Amazonian deforestation froniter",Country,"1990s-2000 review window",multi-year,"Brazil, Amazonian deforestation froniter; Informal / ASGM",Aquatic ecosystem
fearnside2001,Discussion,v0.2.0-alpha,"gold mining",gold_mining,No,"sediment release into rivers",sediment_load_in_rivers,"Gold-mining causes severe environmental and social impacts, including mercury pollution, release of large quantities of sediment into the headwaters of Amazonian rivers, and invasion of indigenous lands, exposing the Indians to disease, violence and deculturation, as well as impeding the recognition and demarcation of reserves",Yes,Subject→Object,Positive,"Informal / ASGM",Population-specific,,Probable,"[2022-migration] derived from prior manual coding workbook",Not reported,narrative only,Not reported,Not reported,Not reported,Synthesised from multiple sources,,"Review / narrative synthesis on land-use drivers in the Brazilian Amazon",Review,Association,"Brazil, Amazonian deforestation froniter",Country,"1990s-2000 review window",multi-year,"Brazil, Amazonian deforestation froniter; Informal / ASGM",Aquatic ecosystem
fearnside2001,Discussion,v0.2.0-alpha,"gold mining",gold_mining,No,"invasion of indigenous land",indigenous_land_rights,"Gold-mining causes severe environmental and social impacts, including mercury pollution, release of large quantities of sediment into the headwaters of Amazonian rivers, and invasion of indigenous lands, exposing the Indians to disease, violence and deculturation, as well as impeding the recognition and demarcation of reserves",Yes,Subject→Object,Positive,"Informal / ASGM",Population-specific,,Probable,"[2022-migration] derived from prior manual coding workbook",Not reported,narrative only,Not reported,Not reported,Not reported,Synthesised from multiple sources,,"Review / narrative synthesis on land-use drivers in the Brazilian Amazon",Review,Association,"Brazil, Amazonian deforestation froniter",Country,"1990s-2000 review window",multi-year,"Brazil, Amazonian deforestation froniter; Informal / ASGM",Human
fearnside2001,Discussion,v0.2.0-alpha,"gold mining",gold_mining,No,"protected area encroachment",protected_areas,"Gold-mining causes severe environmental and social impacts, including mercury pollution, release of large quantities of sediment into the headwaters of Amazonian rivers, and invasion of indigenous lands, exposing the Indians to disease, violence and deculturation, as well as impeding the recognition and demarcation of reserves",Yes,Subject→Object,Negative,"Informal / ASGM",Population-specific,,Probable,"[2022-migration] derived from prior manual coding workbook",Not reported,narrative only,Not reported,Not reported,Not reported,Synthesised from multiple sources,,"Review / narrative synthesis on land-use drivers in the Brazilian Amazon",Review,Association,"Brazil, Amazonian deforestation froniter",Country,"1990s-2000 review window",multi-year,"Brazil, Amazonian deforestation froniter; Informal / ASGM",Terrestrial ecosystem
lacher1997,Abstract,v0.2.0-alpha,"gold mining",gold_mining,No,"mercury pollution",mercury_use,"These include large-scale agricultural activities, especially banana, pineapple, and soybean farming, and gold mining with the associated heavy use of mercury. ",Yes,Subject→Object,Positive,"General",Population-specific,,Probable,"[2022-migration] derived from prior manual coding workbook",Not reported,narrative only,Not reported,Not reported,Not reported,Synthesised from multiple sources,,"Pantropical ecotoxicology review (1997)",Review,Association,"Tropics, NA",Region,"pre-1997 review window",multi-year,"Tropics, NA; General",Aquatic ecosystem
lacher1997,Discussion,v0.2.0-alpha,"lack of enforcement",weak_governance,No,"unregulated gold mining",enforcement_and_other_barriers_to_entry,"Where mercury has been released into the aquatic system as a result of unregulated gold mining, subsequent contamination of invertebrates, fish, and birds has been detected; biomagnification of mercury was documented from gastropod mollusks (Ampullaria sp.) to accipiters (Rostrhamus sociabilis) and from invertebrates and fish to waterbirds and humans [25, 26].",Yes,Subject→Object,Negative,"General",Population-specific,,Probable,"[2022-migration] derived from prior manual coding workbook",Not reported,narrative only,Not reported,Not reported,Not reported,Synthesised from multiple sources,,"Pantropical ecotoxicology review (1997)",Review,Association,"Tropics, NA",Region,"pre-1997 review window",multi-year,"Tropics, NA; General",Human
lacher1997,Discussion,v0.2.0-alpha,"unregulated gold mining",mercury_use,No,"mercury pollution",aquatic_mercury_pollution,"Where mercury has been released into the aquatic system as a result of unregulated gold mining, subsequent contamination of invertebrates, fish, and birds has been detected; biomagnification of mercury was documented from gastropod mollusks (Ampullaria sp.) to accipiters (Rostrhamus sociabilis) and from invertebrates and fish to waterbirds and humans [25, 26].",Yes,Subject→Object,Positive,"General",Population-specific,,Probable,"[2022-migration] derived from prior manual coding workbook",Not reported,narrative only,Not reported,Not reported,Not reported,Synthesised from multiple sources,,"Pantropical ecotoxicology review (1997)",Review,Association,"Tropics, NA",Region,"pre-1997 review window",multi-year,"Tropics, NA; General",Aquatic ecosystem
lacher1997,Discussion,v0.2.0-alpha,"mercury pollution",aquatic_mercury_pollution,No,"bioaccumulation of mercury in animals",mercury_bio_accumulation,"Where mercury has been released into the aquatic system as a result of unregulated gold mining, subsequent contamination of invertebrates, fish, and birds has been detected; biomagnification of mercury was documented from gastropod mollusks (Ampullaria sp.) to accipiters (Rostrhamus sociabilis) and from invertebrates and fish to waterbirds and humans [25, 26].",Yes,Subject→Object,Positive,"General",Population-specific,,Probable,"[2022-migration] derived from prior manual coding workbook",Not reported,narrative only,Not reported,Not reported,Not reported,Synthesised from multiple sources,,"Pantropical ecotoxicology review (1997)",Review,Association,"Tropics, NA",Region,"pre-1997 review window",multi-year,"Tropics, NA; General",Aquatic ecosystem
lacher1997,Discussion,v0.2.0-alpha,"mercury bioaccumulation in fish",mercury_bio_accumulation,No,"human health risk",human_health,"Mercury contamination of fish used as a local food source or as an exportable commodity is both an ecological and socioeconomic issue. Alho and Vieira [26] found that 50% of the fish from the Cuibá River and 35% from the Bento Gomes River in the Brazilian Pantanal had mercury concentrations exceeding international standards for consumption.",Yes,Subject→Object,Negative,"General",Population-specific,,Probable,"[2022-migration] derived from prior manual coding workbook",Not reported,narrative only,Not reported,Not reported,Not reported,Synthesised from multiple sources,,"Pantropical ecotoxicology review (1997)",Review,Association,"Tropics, NA",Region,"pre-1997 review window",multi-year,"Tropics, NA; General",Aquatic ecosystem
lacher1997,Discussion,v0.2.0-alpha,"mercury pollution",aquatic_mercury_pollution,No,"mercury accumulation in hair",mercury_bio_accumulation,"Pfeiffer et al. [25] observed high concentrations of mercury (> 70 mg/g) in the hair of individuals consuming fish along a tributary of the Amazon where mercury was being used in gold mining activity; no data are available on mercury poisoning in these populations.",Yes,Subject→Object,Positive,"General",Population-specific,,Probable,"[2022-migration] derived from prior manual coding workbook",Not reported,narrative only,Not reported,Not reported,Not reported,Synthesised from multiple sources,,"Pantropical ecotoxicology review (1997)",Review,Association,"Tropics, NA",Region,"pre-1997 review window",multi-year,"Tropics, NA; General",Aquatic ecosystem
lacher1997,Discussion,v0.2.0-alpha,"lack of enforcement",informality,No,"asgm influx",enforcement_and_other_barriers_to_entry,"Gold mining has expanded in many tropical countries. In most cases it is unregulated, and the amount of mercury released into the environment during these operations is a major health hazard for wildlife and humans in several parts of Brazil [25, 26]. Larger mining operations tend to be less problematic than very small-scale, local operations, which are almost impossible to regulate. Almost all are located near rivers high in organic material that favors the formation of organic methyl mercury [80]. Even small mines can be located fairly easily with aerial photographs, and areas of potential contamination can be identified.",Yes,Subject→Object,Negative,"General",Population-specific,,Probable,"[2022-migration] derived from prior manual coding workbook",Not reported,narrative only,Not reported,Not reported,Not reported,Synthesised from multiple sources,,"Pantropical ecotoxicology review (1997)",Review,Association,"Tropics, NA",Region,"pre-1997 review window",multi-year,"Tropics, NA; General",Human
lacher1997,Discussion,v0.2.0-alpha,"asgm influx",miner_influx,No,"gold mining",gold_mining,"Gold mining has expanded in many tropical countries. In most cases it is unregulated, and the amount of mercury released into the environment during these operations is a major health hazard for wildlife and humans in several parts of Brazil [25, 26]. Larger mining operations tend to be less problematic than very small-scale, local operations, which are almost impossible to regulate. Almost all are located near rivers high in organic material that favors the formation of organic methyl mercury [80]. Even small mines can be located fairly easily with aerial photographs, and areas of potential contamination can be identified.",Yes,Subject→Object,Positive,"General",Population-specific,,Probable,"[2022-migration] derived from prior manual coding workbook",Not reported,narrative only,Not reported,Not reported,Not reported,Synthesised from multiple sources,,"Pantropical ecotoxicology review (1997)",Review,Association,"Tropics, NA",Region,"pre-1997 review window",multi-year,"Tropics, NA; General",Aquatic ecosystem
lacher1997,Discussion,v0.2.0-alpha,"gold mining",gold_mining,No,"mercury pollution",mercury_use,"Gold mining has expanded in many tropical countries. In most cases it is unregulated, and the amount of mercury released into the environment during these operations is a major health hazard for wildlife and humans in several parts of Brazil [25, 26]. Larger mining operations tend to be less problematic than very small-scale, local operations, which are almost impossible to regulate. Almost all are located near rivers high in organic material that favors the formation of organic methyl mercury [80]. Even small mines can be located fairly easily with aerial photographs, and areas of potential contamination can be identified.",Yes,Subject→Object,Positive,"General",Population-specific,,Probable,"[2022-migration] derived from prior manual coding workbook",Not reported,narrative only,Not reported,Not reported,Not reported,Synthesised from multiple sources,,"Pantropical ecotoxicology review (1997)",Review,Association,"Tropics, NA",Region,"pre-1997 review window",multi-year,"Tropics, NA; General",Aquatic ecosystem
lacher1997,Discussion,v0.2.0-alpha,"mercury pollution",aquatic_mercury_pollution,No,"mercury accumulation in hair",mercury_bio_accumulation,"Given the high toxicity of mercury and the enormous quantities utilized in gold mining operations, research on the environmental consequences of mercury use in the tropics is a very high priority. Because of the tendency of mercury to bioaccumulate, special emphasis should be placed on studies of predatory fish (many of which are consumed by humans), piscivorous birds, raptors, and other top predators. Many of these top predators might serve as keystone species and be responsible for structuring community patterns and influencing community processes [81, 82]. Mercury contamination has been documented in isolated regions of the Amazon [25]. It will become increasingly difficult to describe the structure and function of undisturbed tropical aquatic communities if the use of mercury remains unregulated and unstudied.",Yes,Subject→Object,Positive,"General",Population-specific,,Probable,"[2022-migration] derived from prior manual coding workbook",Not reported,narrative only,Not reported,Not reported,Not reported,Synthesised from multiple sources,,"Pantropical ecotoxicology review (1997)",Review,Association,"Tropics, NA",Region,"pre-1997 review window",multi-year,"Tropics, NA; General",Aquatic ecosystem
regine2006,Abstract,v0.2.0-alpha,"gold mining",aquatic_mercury_pollution,No,"mercury accumulation in animals",mercury_bio_accumulation,"Within a multidisciplinary research programme set up in French Guiana (Amazonian basin), twelve fish species from six food regimes were collected from the upper part of the Maroni River in order to analyze mercury (Hg) distribution in six organs (gills, liver, kidneys, skeletal muscle, stomach, and intestine) and to look for a relationship between Hg organotropism and food regimes. As many studies have shown, mercury biomagnification leads to extremely marked differences in muscle accumulation levels: the average ratio between extreme concentrations measured in piscivorous and herbivorous species was almost 500. ",Yes,Subject→Object,Positive,"ASGM",Population-specific,,Probable,"[2022-migration] derived from prior manual coding workbook",Not reported,narrative only,Not reported,Not reported,Not reported,Original to this study,,"Cross-sectional Hg sampling in 12 fish species + tissue partitioning",Observation,Association,"France (French Guiana), Upper part of the Maroni River",Country,"2003-2005 sampling",snapshot,"France (French Guiana), Upper part of the Maroni River; ASGM",Aquatic ecosystem
regine2006,Introduction,v0.2.0-alpha,"gold mining",gold_mining,No,"mercury emissions into water",mercury_use,"Total Hg concentrations measured in the dissolved fraction of the river waters are low, between 1 and 10 ng/L, with the exception of zones very close to the goldmining sites. The mercury discharges from goldmining activities are a combination of inputs at source of elemental Hg (Hg) at the mining sites, where the amalgamation technique is used for gold extraction, and the release into the water of eroded soils naturally enriched with mercury (Roulet et al., 1999).",Yes,Subject→Object,Positive,"ASGM",Population-specific,,Probable,"[2022-migration] derived from prior manual coding workbook",Not reported,narrative only,Not reported,Not reported,Not reported,Original to this study,,"Cross-sectional Hg sampling in 12 fish species + tissue partitioning",Observation,Association,"France (French Guiana), Upper part of the Maroni River",Country,"2003-2005 sampling",snapshot,"France (French Guiana), Upper part of the Maroni River; ASGM",Aquatic ecosystem
regine2006,Introduction,v0.2.0-alpha,"gold mining",mercury_use,No,"mercury contamination of soil",mercury_contaminated_tailings,"Total Hg concentrations measured in the dissolved fraction of the river waters are low, between 1 and 10 ng/L, with the exception of zones very close to the goldmining sites. The mercury discharges from goldmining activities are a combination of inputs at source of elemental Hg (Hg) at the mining sites, where the amalgamation technique is used for gold extraction, and the release into the water of eroded soils naturally enriched with mercury (Roulet et al., 1999).",Yes,Subject→Object,Positive,"ASGM",Population-specific,,Probable,"[2022-migration] derived from prior manual coding workbook",Not reported,narrative only,Not reported,Not reported,Not reported,Original to this study,,"Cross-sectional Hg sampling in 12 fish species + tissue partitioning",Observation,Association,"France (French Guiana), Upper part of the Maroni River",Country,"2003-2005 sampling",snapshot,"France (French Guiana), Upper part of the Maroni River; ASGM",Aquatic ecosystem
regine2006,Introduction,v0.2.0-alpha,"gold mining",mercury_contaminated_tailings,No,"soil erosion",aquatic_mercury_pollution,"Total Hg concentrations measured in the dissolved fraction of the river waters are low, between 1 and 10 ng/L, with the exception of zones very close to the goldmining sites. The mercury discharges from goldmining activities are a combination of inputs at source of elemental Hg (Hg) at the mining sites, where the amalgamation technique is used for gold extraction, and the release into the water of eroded soils naturally enriched with mercury (Roulet et al., 1999).",Yes,Subject→Object,Positive,"ASGM",Population-specific,,Probable,"[2022-migration] derived from prior manual coding workbook",Not reported,narrative only,Not reported,Not reported,Not reported,Original to this study,,"Cross-sectional Hg sampling in 12 fish species + tissue partitioning",Observation,Association,"France (French Guiana), Upper part of the Maroni River",Country,"2003-2005 sampling",snapshot,"France (French Guiana), Upper part of the Maroni River; ASGM",Aquatic ecosystem
schwartzmann2005,Abstract,v0.2.0-alpha,"indigenous land rights",indigenous_land_rights,No,"asgm influx",miner_influx,"Like many Amazonian indigenous peoples, the Kayapo have halted the expansion of the agricultural frontier on their lands but allow selective logging and gold mining.",Yes,Subject→Object,Negative,"Informal / ASGM",Population-specific,,Probable,"[2022-migration] derived from prior manual coding workbook",Not reported,narrative only,Not reported,Not reported,Not reported,Synthesised from multiple sources,,"Review of indigenous-land conservation outcomes in Amazonia",Review,Association,"Brazil, Kayapó lands",Country,"1980-2005 review window",multi-year,"Brazil, Kayapó lands ; Informal / ASGM",Human
schwartzmann2005,Introduction,v0.2.0-alpha,"road construction",road_creation,No,"asgm influx",miner_influx,"Ranchers, colonists, loggers, gold miners, and illegal land speculators, supported by road construction that promotes frontier expansion, began to flagrantly violate the integrity of Amerindian lands in southern Pará and Mato Grosso states.",Yes,Subject→Object,Positive,"Informal / ASGM",Population-specific,,Probable,"[2022-migration] derived from prior manual coding workbook",Not reported,narrative only,Not reported,Not reported,Not reported,Synthesised from multiple sources,,"Review of indigenous-land conservation outcomes in Amazonia",Review,Association,"Brazil, Kayapó lands",Country,"1980-2005 review window",multi-year,"Brazil, Kayapó lands ; Informal / ASGM",Human
schwartzmann2005,Introduction,v0.2.0-alpha,"asgm influx",miner_influx,No,"indigenous land rights",indigenous_land_rights,"Ranchers, colonists, loggers, gold miners, and illegal land speculators, supported by road construction that promotes frontier expansion, began to flagrantly violate the integrity of Amerindian lands in southern Pará and Mato Grosso states.",Yes,Subject→Object,Negative,"Informal / ASGM",Population-specific,,Probable,"[2022-migration] derived from prior manual coding workbook",Not reported,narrative only,Not reported,Not reported,Not reported,Synthesised from multiple sources,,"Review of indigenous-land conservation outcomes in Amazonia",Review,Association,"Brazil, Kayapó lands",Country,"1980-2005 review window",multi-year,"Brazil, Kayapó lands ; Informal / ASGM",Human
schwartzmann2005,Introduction,v0.2.0-alpha,"indigenous land rights",indigenous_land_rights,No,"asgm influx",miner_influx,"In dramatic confrontations in the 1980s, the Kayapó reinvaded ranches, took hostages, seized river crossings, and expelled thousands of gold miners from their territory. These actions reinvented their warrior tradition as part of a political and public relations campaign that proved effective in winning land struggles",Yes,Subject→Object,Negative,"Informal / ASGM",Population-specific,,Probable,"[2022-migration] derived from prior manual coding workbook",Not reported,narrative only,Not reported,Not reported,Not reported,Synthesised from multiple sources,,"Review of indigenous-land conservation outcomes in Amazonia",Review,Association,"Brazil, Kayapó lands",Country,"1980-2005 review window",multi-year,"Brazil, Kayapó lands ; Informal / ASGM",Human
schwartzmann2005,Introduction,v0.2.0-alpha,"road construction",road_construction,No,"illegal logging",deforestation_and_forest_degradation,"During the late 1980s and 1990s, Kayapó chiefs began to selectively allow mahogany logging or gold-mining concessions in exchange for cash, but they were largely able to prevent outsiders from occupying their lands. Ironically, the illegal logging of mahogany contributed to the persistence of forest in the southeastern Amazon—the Kayapó invested part of the returns in protecting their lands.",Yes,Subject→Object,Positive,"Informal / ASGM",Population-specific,,Probable,"[2022-migration] derived from prior manual coding workbook",Not reported,narrative only,Not reported,Not reported,Not reported,Synthesised from multiple sources,,"Review of indigenous-land conservation outcomes in Amazonia",Review,Association,"Brazil, Kayapó lands",Country,"1980-2005 review window",multi-year,"Brazil, Kayapó lands ; Informal / ASGM",Human
schwartzmann2005,Introduction,v0.2.0-alpha,"illegal logging",indigenous_land_rights,No,"enforcement ",deforestation_and_forest_degradation,"During the late 1980s and 1990s, Kayapó chiefs began to selectively allow mahogany logging or gold-mining concessions in exchange for cash, but they were largely able to prevent outsiders from occupying their lands. Ironically, the illegal logging of mahogany contributed to the persistence of forest in the southeastern Amazon—the Kayapó invested part of the returns in protecting their lands.",Yes,Subject→Object,Negative,"Informal / ASGM",Population-specific,,Probable,"[2022-migration] derived from prior manual coding workbook",Not reported,narrative only,Not reported,Not reported,Not reported,Synthesised from multiple sources,,"Review of indigenous-land conservation outcomes in Amazonia",Review,Association,"Brazil, Kayapó lands",Country,"1980-2005 review window",multi-year,"Brazil, Kayapó lands ; Informal / ASGM",Human
schwartzmann2005,Introduction,v0.2.0-alpha,"gold prices",gold_prices,No,"gold mining",gold_mining,"Unlike agriculture, logging and gold mining pose a more insidious threat to Amerindian lands and cultures because these activities do not necessarily result in loss of territory. As a result, Amerindian groups may view these activities as economic opportunity rather than invasion. Although gold-mining activity on Kayapó lands tapered off in the 1990s with declining gold prices, mahogany logging continued until international pressure led to government action in 2002. Kayapó lands were once rich in mahogany (Swietenia macrophylla King), the most valuable timber species on Earth, but after more than a decade of uncontrolled logging, mahogany is scarce.",Yes,Subject→Object,Positive,"Informal / ASGM",Population-specific,,Probable,"[2022-migration] derived from prior manual coding workbook",Not reported,narrative only,Not reported,Not reported,Not reported,Synthesised from multiple sources,,"Review of indigenous-land conservation outcomes in Amazonia",Review,Association,"Brazil, Kayapó lands",Country,"1980-2005 review window",multi-year,"Brazil, Kayapó lands ; Informal / ASGM",Human
schwartzmann2005,Discussion,v0.2.0-alpha,"leadership change within indigenous communities",indigenous_land_rights,No,"gold mining",gold_mining," In several villages that had allowed extraction of mahogany and gold, communal control was eventually asserted over the younger leaders who had parlayed their skills as intercultural mediators into political and economic dominance in the community. This control meant either that communities stopped extraction activities altogether on their land or made their leaders share the profits.",Yes,Subject→Object,Negative,"Informal / ASGM",Population-specific,,Probable,"[2022-migration] derived from prior manual coding workbook",Not reported,narrative only,Not reported,Not reported,Not reported,Synthesised from multiple sources,,"Review of indigenous-land conservation outcomes in Amazonia",Review,Association,"Brazil, Kayapó lands",Country,"1980-2005 review window",multi-year,"Brazil, Kayapó lands ; Informal / ASGM",Human
schwartzmann2005,Discussion,v0.2.0-alpha,"gold mining",gold_mining,No,"need for economic alternatives",need_for_economic_alternatives,"Once gold mining and mahogany logging on Kayapó lands was interrupted, the Kayapó began organizing associations to access support for community needs. Conservation International do Brasil provides substantial technical, administrative, and financial support and related project implementation needs for the two main Kayapó NGOs: Associação Floresta Protegida (AFP) in Pará state and Instituto Raoní (IR) of Mato Grosso state. Both organizations are implementing territorial surveillance and conservation and development projects (research station, Brazil-nut extraction, and piqui fruit harvest, among others) with funding obtained principally by CI–Brasil and in partnership with FUNAI. The FUNAI does not have nearly enough resources to uphold its constitutional obligation of protecting indigenous peoples and their lands. The NGOs can help fill this gap under the partnership model used by the AFP and by the IR. The role of the AFP, IR, and FUNAI is to support Kayapó surveillance and development initiatives as long as they act to preserve social and environmental integrity. The AFP, IR, Kayapó leaders, and FUNAI design and help coordinate surveillance strategy among guard posts and communities; the AFP and IR support administration, infrastructure, and training for implementing the strategy; the Kayapó perform the ground surveillance and occupation of their territory; and FUNAI provides legal authority, coordination, and administration of field activities and involvement of other federal authorities.",Yes,Subject→Object,Negative,"Informal / ASGM",Population-specific,,Probable,"[2022-migration] derived from prior manual coding workbook",Not reported,narrative only,Not reported,Not reported,Not reported,Synthesised from multiple sources,,"Review of indigenous-land conservation outcomes in Amazonia",Review,Association,"Brazil, Kayapó lands",Country,"1980-2005 review window",multi-year,"Brazil, Kayapó lands ; Informal / ASGM",Human
schwartzmann2005,Discussion,v0.2.0-alpha,"indigenous land rights",indigenous_land_rights,No,"asgm influx",miner_influx,"Unlike the Kayapó, the various societies in the Xingu Indigenous Park have not permitted logging or gold mining on their territory. The Xingu Park, about 2.6 million ha in northern Mato Grosso, was created in 1961, largely through the efforts of the renowned indigenists, the Villas Boas brothers. This area is now inhabited by some 3700 people of 16 distinct ethnicities and has been continuously inhabited for at least 800 years (Heckenberger et al. 2003). The Xingu tribes (Xinguanos) have repeatedly turned back illegal loggers, held and seized the equipment of intruders hunting and fishing in the park, and defended the boundaries of the area from surrounding ranchers throughout the 1980s and 1990s, despite expansion of the agricultural frontier around the park. A paternalistic regime of “presents” was instituted by the Villas Boas and continued by FUNAI, whereby chiefs' allegiance to park authorities was ensured by “gifts” of trade goods. As the Indians' need for outside goods grew, this system of presents collapsed and opportunities to generate income, outside of a handful of FUNAI jobs and the sale of handicrafts and artwork, were extremely limited.",Yes,Subject→Object,Negative,"Informal / ASGM",Population-specific,,Probable,"[2022-migration] derived from prior manual coding workbook",Not reported,narrative only,Not reported,Not reported,Not reported,Synthesised from multiple sources,,"Review of indigenous-land conservation outcomes in Amazonia",Review,Association,"Brazil, Xingu Indigenous Park",Country,"1980-2005 review window",multi-year,"Brazil, Xingu Indigenous Park; Informal / ASGM",Human
schwartzmann2005,Discussion,v0.2.0-alpha,"economic alternatives",economic_alternatives,No,"gold mining",gold_mining,"The fact that the Xingu groups did not permit logging or gold mining on their territory may in part result from the absence of mahogany in the area but is also undoubtedly owing to ISA's long-term partnership and investments in economic alternatives. After nearly a decade of dialogue, research, and pilot initiatives, 28 villages in the northern and middle Xingu are producing certified organic honey—1.8 tons in 2003. The ATIX cooperative has a contract with one of Brazil's largest supermarket chains, which currently buys the entire output.",Yes,Subject→Object,Negative,"Informal / ASGM",Population-specific,,Probable,"[2022-migration] derived from prior manual coding workbook",Not reported,narrative only,Not reported,Not reported,Not reported,Synthesised from multiple sources,,"Review of indigenous-land conservation outcomes in Amazonia",Review,Association,"Brazil, Xingu Indigenous Park",Country,"1980-2005 review window",multi-year,"Brazil, Xingu Indigenous Park; Informal / ASGM",Human
soderquist2000,Abstract,v0.2.0-alpha,"gold mining",gold_mining,No,"deforestation",deforestation_and_forest_degradation,"Recent clearing of vegetation for agriculture and mining has eliminated 85% of the original vegetation in this area, with the fertile, alluvial soils being most affected. ",Yes,Subject→Object,Positive,"Alluvial gold mining",Population-specific,,Probable,"[2022-migration] derived from prior manual coding workbook",Not reported,narrative only,Not reported,Not reported,Not reported,Original to this study,,"Mammal trapping + habitat-structure survey in mining-legacy box-ironbark forest",Observation,Association,"Australia, Dry iron-box forests of southeast Australia",Country,"1990s sampling",multi-year,"Australia, Dry iron-box forests of southeast Australia; Alluvial gold mining",Terrestrial ecosystem
soderquist2000,Methods,v0.2.0-alpha,"gold mining",gold_mining,No,"land-use change",deforestation_and_forest_degradation,"During the past 150 years, the box–ironbark ecosystem has been severely fragmented by agricultural clearing and degraded by mining and overharvesting of timber and firewood (Traill, 1993, Calder, Calder and McCann, 1994). About 85% of the original ecosystem has been cleared, with the most extensive losses being among the moister woodlands on fertile alluvial soils surrounding the remnant foothill habitats and extending onto the northern plains (ECC, 1997). Much of the remaining area was intensively harvested during the initial gold-mining era. ",Yes,Subject→Object,Positive,"Alluvial gold mining",Population-specific,,Probable,"[2022-migration] derived from prior manual coding workbook",Not reported,narrative only,Not reported,Not reported,Not reported,Original to this study,,"Mammal trapping + habitat-structure survey in mining-legacy box-ironbark forest",Observation,Association,"Australia, Dry iron-box forests of southeast Australia",Country,"1990s sampling",multi-year,"Australia, Dry iron-box forests of southeast Australia; Alluvial gold mining",Terrestrial ecosystem
soderquist2000,Methods,v0.2.0-alpha,"habitat loss",gold_mining,No,"forest fragmentation",deforestation_and_forest_degradation,"During the past 150 years, the box–ironbark ecosystem has been severely fragmented by agricultural clearing and degraded by mining and overharvesting of timber and firewood (Traill, 1993, Calder, Calder and McCann, 1994). About 85% of the original ecosystem has been cleared, with the most extensive losses being among the moister woodlands on fertile alluvial soils surrounding the remnant foothill habitats and extending onto the northern plains (ECC, 1997). Much of the remaining area was intensively harvested during the initial gold-mining era. ",Yes,Subject→Object,Positive,"Alluvial gold mining",Population-specific,,Probable,"[2022-migration] derived from prior manual coding workbook",Not reported,narrative only,Not reported,Not reported,Not reported,Original to this study,,"Mammal trapping + habitat-structure survey in mining-legacy box-ironbark forest",Observation,Association,"Australia, Dry iron-box forests of southeast Australia",Country,"1990s sampling",multi-year,"Australia, Dry iron-box forests of southeast Australia; Alluvial gold mining",Terrestrial ecosystem
tarras-wahlberg2001,Abstract,v0.2.0-alpha,"gold mining",gold_mining,No,"mercury pollution",mercury_use,"Gold mining in the Portovelo-Zaruma district in southern Ecuador is causing considerable environmental impacts; the most important ones are related to the discharge of cyanide, mercury and metal rich tailings into rivers of the Puyango catchment area. ",Yes,Subject→Object,Positive,"Informal / ASGM",Population-specific,,Probable,"[2022-migration] derived from prior manual coding workbook",Not reported,narrative only,Not reported,Not reported,Not reported,Original to this study,,"River sampling (water, sediment, biota) downstream of ASGM",Observation,Association,"Ecuador, Portovelo-Zaruma district in southern Ecuador",Country,"late 1990s sampling",snapshot,"Ecuador, Portovelo-Zaruma district in southern Ecuador; Informal / ASGM",Aquatic ecosystem
tarras-wahlberg2001,Abstract,v0.2.0-alpha,"gold mining",gold_mining,No,"cyanide pollution",cyanide_use,"Gold mining in the Portovelo-Zaruma district in southern Ecuador is causing considerable environmental impacts; the most important ones are related to the discharge of cyanide, mercury and metal rich tailings into rivers of the Puyango catchment area. Cyanide and metal levels in rivers regularly exceed environmental quality criteria.",Yes,Subject→Object,Positive,"Informal / ASGM",Population-specific,,Probable,"[2022-migration] derived from prior manual coding workbook",Not reported,narrative only,Not reported,Not reported,Not reported,Original to this study,,"River sampling (water, sediment, biota) downstream of ASGM",Observation,Association,"Ecuador, Portovelo-Zaruma district in southern Ecuador",Country,"late 1990s sampling",snapshot,"Ecuador, Portovelo-Zaruma district in southern Ecuador; Informal / ASGM",Aquatic ecosystem
tarras-wahlberg2001,Abstract,v0.2.0-alpha,"gold mining",mercury_use,No,"metal-rich tailings pollution",mercury_contaminated_tailings,"Gold mining in the Portovelo-Zaruma district in southern Ecuador is causing considerable environmental impacts; the most important ones are related to the discharge of cyanide, mercury and metal rich tailings into rivers of the Puyango catchment area. Cyanide and metal levels in rivers regularly exceed environmental quality criteria.",Yes,Subject→Object,Positive,"Informal / ASGM",Population-specific,,Probable,"[2022-migration] derived from prior manual coding workbook",Not reported,narrative only,Not reported,Not reported,Not reported,Original to this study,,"River sampling (water, sediment, biota) downstream of ASGM",Observation,Association,"Ecuador, Portovelo-Zaruma district in southern Ecuador",Country,"late 1990s sampling",snapshot,"Ecuador, Portovelo-Zaruma district in southern Ecuador; Informal / ASGM",Aquatic ecosystem
tarras-wahlberg2001,Abstract,v0.2.0-alpha,"cyanide pollution",cyanide_use,No,"biodiversity loss",cyanide_pollution,"The contamination impacts biodiversity, with cyanide causing a direct lethal effect on biota close to source and metal contaminants considerably reducing aquatic biodiversity further downstream. ",Yes,Subject→Object,Positive,"Informal / ASGM",Population-specific,,Probable,"[2022-migration] derived from prior manual coding workbook",Not reported,narrative only,Not reported,Not reported,Not reported,Original to this study,,"River sampling (water, sediment, biota) downstream of ASGM",Observation,Association,"Ecuador, Portovelo-Zaruma district in southern Ecuador",Country,"late 1990s sampling",snapshot,"Ecuador, Portovelo-Zaruma district in southern Ecuador; Informal / ASGM",Aquatic ecosystem
tarras-wahlberg2001,Abstract,v0.2.0-alpha,"mercury pollution",aquatic_mercury_pollution,No,"mercury bio-accumulation in fish",mercury_bio_accumulation,"Mercury levels exceeded 0.5 mg/kg in fish from both contaminated and uncontaminated sites, showing that both methylation and bioaccumulation of mercury are occurring in the Puyango river basin.",Yes,Subject→Object,Positive,"Informal / ASGM",Population-specific,,Probable,"[2022-migration] derived from prior manual coding workbook",Not reported,narrative only,Not reported,Not reported,Not reported,Original to this study,,"River sampling (water, sediment, biota) downstream of ASGM",Observation,Association,"Ecuador, Portovelo-Zaruma district in southern Ecuador",Country,"late 1990s sampling",snapshot,"Ecuador, Portovelo-Zaruma district in southern Ecuador; Informal / ASGM",Aquatic ecosystem
tarras-wahlberg2001,Introduction,v0.2.0-alpha,"commerical mine closure",commerical_mine_closure,No,"asgm influx",miner_influx," From approximately 1950, the mine was operated by the Ecuadorian government but with ever diminishing economical returns. Finally, in 1984, the Portovelo mine was invaded by small-scale miners, largely individuals who had lost their jobs as the fortunes of the Portovelo mine declined. Since then, mining in the area has been based upon artisanal and semi-mechanised activities, conducted by a large number of small-scale operators.",Yes,Subject→Object,Positive,"Informal / ASGM",Population-specific,,Probable,"[2022-migration] derived from prior manual coding workbook",Not reported,narrative only,Not reported,Not reported,Not reported,Original to this study,,"River sampling (water, sediment, biota) downstream of ASGM",Observation,Association,"Ecuador, Portovelo-Zaruma district in southern Ecuador",Country,"late 1990s sampling",snapshot,"Ecuador, Portovelo-Zaruma district in southern Ecuador; Informal / ASGM",Aquatic ecosystem
tarras-wahlberg2001,Introduction,v0.2.0-alpha,"asgm influx",miner_influx,No,"gold mining",gold_mining," From approximately 1950, the mine was operated by the Ecuadorian government but with ever diminishing economical returns. Finally, in 1984, the Portovelo mine was invaded by small-scale miners, largely individuals who had lost their jobs as the fortunes of the Portovelo mine declined. Since then, mining in the area has been based upon artisanal and semi-mechanised activities, conducted by a large number of small-scale operators.",Yes,Subject→Object,Positive,"Informal / ASGM",Population-specific,,Probable,"[2022-migration] derived from prior manual coding workbook",Not reported,narrative only,Not reported,Not reported,Not reported,Original to this study,,"River sampling (water, sediment, biota) downstream of ASGM",Observation,Association,"Ecuador, Portovelo-Zaruma district in southern Ecuador",Country,"late 1990s sampling",snapshot,"Ecuador, Portovelo-Zaruma district in southern Ecuador; Informal / ASGM",Aquatic ecosystem
tarras-wahlberg2001,Introduction,v0.2.0-alpha,"weak enforcement",weak_governance_and_bad_policies,No,"gold mining",enforcement_and_other_barriers_to_entry,"Local environmental regulations of how mining and processing should be performed in an environmentally responsible way exist, although the present situation is characterised by an almost total absence of adherence to these regulations, such that tailings and processing chemicals can be discharged either directly or indirectly, via deficient tailings impoundments, to nearby rivers.",Yes,Subject→Object,Negative,"Informal / ASGM",Population-specific,,Probable,"[2022-migration] derived from prior manual coding workbook",Not reported,narrative only,Not reported,Not reported,Not reported,Original to this study,,"River sampling (water, sediment, biota) downstream of ASGM",Observation,Association,"Ecuador, Portovelo-Zaruma district in southern Ecuador",Country,"late 1990s sampling",snapshot,"Ecuador, Portovelo-Zaruma district in southern Ecuador; Informal / ASGM",Human
tarras-wahlberg2001,Introduction,v0.2.0-alpha,"gold mining",mercury_contaminated_tailings,No,"mercury pollution",aquatic_mercury_pollution," In 1999, an inventory of the area estimated that the solid component of tailings that escaped to rivers amounted to a total of approximately 160 000 tons of material (SGAB-Prodeminca, 2000). Approximately 33 000 tons were found to be associated with slurries laden with mercury and metals which are discharged from milling and amalgamation activities. The remaining 127 000 tons were associated with metal and cyanide rich slurries discharged from cyanidation plants (SGAB-Prodeminca, 2000).",Yes,Subject→Object,Positive,"Informal / ASGM",Population-specific,,Probable,"[2022-migration] derived from prior manual coding workbook",Not reported,narrative only,Not reported,Not reported,Not reported,Original to this study,,"River sampling (water, sediment, biota) downstream of ASGM",Observation,Association,"Ecuador, Portovelo-Zaruma district in southern Ecuador",Country,"late 1990s sampling",snapshot,"Ecuador, Portovelo-Zaruma district in southern Ecuador; Informal / ASGM",Aquatic ecosystem
tarras-wahlberg2001,Introduction,v0.2.0-alpha,"gold mining",cyanide_use,No,"cyanide pollution",cyanide_pollution," In 1999, an inventory of the area estimated that the solid component of tailings that escaped to rivers amounted to a total of approximately 160 000 tons of material (SGAB-Prodeminca, 2000). Approximately 33 000 tons were found to be associated with slurries laden with mercury and metals which are discharged from milling and amalgamation activities. The remaining 127 000 tons were associated with metal and cyanide rich slurries discharged from cyanidation plants (SGAB-Prodeminca, 2000).",Yes,Subject→Object,Positive,"Informal / ASGM",Population-specific,,Probable,"[2022-migration] derived from prior manual coding workbook",Not reported,narrative only,Not reported,Not reported,Not reported,Original to this study,,"River sampling (water, sediment, biota) downstream of ASGM",Observation,Association,"Ecuador, Portovelo-Zaruma district in southern Ecuador",Country,"late 1990s sampling",snapshot,"Ecuador, Portovelo-Zaruma district in southern Ecuador; Informal / ASGM",Aquatic ecosystem
tarras-wahlberg2001,Introduction,v0.2.0-alpha,"gold mining",mercury_contaminated_tailings,No,"metal-rich tailings pollution",aquatic_mercury_pollution," In 1999, an inventory of the area estimated that the solid component of tailings that escaped to rivers amounted to a total of approximately 160 000 tons of material (SGAB-Prodeminca, 2000). Approximately 33 000 tons were found to be associated with slurries laden with mercury and metals which are discharged from milling and amalgamation activities. The remaining 127 000 tons were associated with metal and cyanide rich slurries discharged from cyanidation plants (SGAB-Prodeminca, 2000).",Yes,Subject→Object,Positive,"Informal / ASGM",Population-specific,,Probable,"[2022-migration] derived from prior manual coding workbook",Not reported,narrative only,Not reported,Not reported,Not reported,Original to this study,,"River sampling (water, sediment, biota) downstream of ASGM",Observation,Association,"Ecuador, Portovelo-Zaruma district in southern Ecuador",Country,"late 1990s sampling",snapshot,"Ecuador, Portovelo-Zaruma district in southern Ecuador; Informal / ASGM",Aquatic ecosystem
tarras-wahlberg2001,Discussion,v0.2.0-alpha,"gold mining",cyanide_use,No,"cyanide pollution",cyanide_pollution,"The tailings slurries discharged by the cyanidation plants contain both free cyanide and various metal cyanide complexes. Downstream of these discharges, the concentrations of total cyanide, and free cyanide were found to exceed environmental criteria for the protection of aquatic life (Table 3). ",Yes,Subject→Object,Positive,"Informal / ASGM",Population-specific,,Probable,"[2022-migration] derived from prior manual coding workbook",Not reported,narrative only,Not reported,Not reported,Not reported,Original to this study,,"River sampling (water, sediment, biota) downstream of ASGM",Observation,Association,"Ecuador, Portovelo-Zaruma district in southern Ecuador",Country,"late 1990s sampling",snapshot,"Ecuador, Portovelo-Zaruma district in southern Ecuador; Informal / ASGM",Aquatic ecosystem
tarras-wahlberg2001,Discussion,v0.2.0-alpha,"gold mining",cyanide_use,No,"cyanide pollution",cyanide_pollution,"The tailings slurries discharged by the cyanidation plants contain both free cyanide and various metal cyanide complexes. Downstream of these discharges, the concentrations of total cyanide, and free cyanide were found to exceed environmental criteria for the protection of aquatic life (Table 3). ",Yes,Subject→Object,Positive,"Informal / ASGM",Population-specific,,Probable,"[2022-migration] derived from prior manual coding workbook",Not reported,narrative only,Not reported,Not reported,Not reported,Original to this study,,"River sampling (water, sediment, biota) downstream of ASGM",Observation,Association,"Ecuador, Portovelo-Zaruma district in southern Ecuador",Country,"late 1990s sampling",snapshot,"Ecuador, Portovelo-Zaruma district in southern Ecuador; Informal / ASGM",Aquatic ecosystem
tarras-wahlberg2001,Discussion,v0.2.0-alpha,"metal-rich tailings pollution",aquatic_mercury_pollution,No,"metal bio-accumulation in invertebrates",mercury_bio_accumulation,"Analyses of the metal content of biota in contaminated rivers that still support some life showed that mechanisms exist for the uptake of metals, including mercury, although the extent of metal uptake was species specific. The predatory larvae of the dobson fly (family Corydalidae) was fairly common in areas affected by mining contamination. Metal contents in these larvae were found to be highly elevated (Table 8). The ratio of the mean metal levels in larvae collected in areas affected by contaminant discharges over larvae from background sites suggests moderate elevation for zinc and mercury (3.2 and 4.7), through severe elevation for cadmium and copper (12 and 15), to extreme elevation for lead (65) (Fig. 5). All these differences in mean metal levels between the two different types of sites mentioned are statistically significant (Mann Whitney U test, P<0.01). Metals may occur in particles adsorbed onto organisms, or be contained in particles in an animal's gut. The possibility of this being a contributing cause for the elevated metal levels found in larvae was investigated by analysing two larvae from the Amarillo river (PU-2), which were rinsed and kept alive in distilled water for 24 h (Table 8). The high metal contents of this composite sample, although somewhat lower than the mean for other exposed larvae, confirms that metals were incorporated in larvae tissue.",Yes,Subject→Object,Positive,"Informal / ASGM",Population-specific,,Probable,"[2022-migration] derived from prior manual coding workbook",Not reported,narrative only,Not reported,Not reported,Not reported,Original to this study,,"River sampling (water, sediment, biota) downstream of ASGM",Observation,Association,"Ecuador, Portovelo-Zaruma district in southern Ecuador",Country,"late 1990s sampling",snapshot,"Ecuador, Portovelo-Zaruma district in southern Ecuador; Informal / ASGM",Aquatic ecosystem
tarras-wahlberg2001,Discussion,v0.2.0-alpha,"mercury pollution",mercury_use,No,"methyl-mercury in water",aquatic_mercury_pollution,"Elemental mercury is relatively harmless. If ingested, it will be excreted by both humans and biota. However, in aquatic systems, elemental mercury may be transformed into toxic methyl-mercury, which is directly bioavailable and often bioaccumulates in high trophic levels. The transformation of elemental mercury into methyl-mercury is still poorly understood, although it is thought to be a biological process that occurs in sediment and which may be facilitated by anoxic conditions and the presence of organic matter (Meech et al., 1998). Furthermore, work performed in the Amazon basin has indicated that mercury methylation is most likely to occur in so called ‘dark water ecosystems’: waters with low pH, low conductivity and high fulvic and humic acid contents. The fast flowing rivers of the upper Puyango catchment area are neutral or slightly alkaline and do not include areas where anoxic and organic rich sediment may be deposited. The waters are not obviously enriched in humic/fulvic substances. Nevertheless, mercury is found in significantly elevated levels in dobson fly larvae and fish, indicating that the methylation of mercury is occurring in the Puyango river system (Table 8, Table 9).",Yes,Subject→Object,Positive,"Informal / ASGM",Population-specific,,Probable,"[2022-migration] derived from prior manual coding workbook",Not reported,narrative only,Not reported,Not reported,Not reported,Original to this study,,"River sampling (water, sediment, biota) downstream of ASGM",Observation,Association,"Ecuador, Portovelo-Zaruma district in southern Ecuador",Country,"late 1990s sampling",snapshot,"Ecuador, Portovelo-Zaruma district in southern Ecuador; Informal / ASGM",Aquatic ecosystem
tarras-wahlberg2001,Discussion,v0.2.0-alpha,"methyl-mercury in water",aquatic_mercury_pollution,No,"mercury bioaccumulation",mercury_bio_accumulation,"Elemental mercury is relatively harmless. If ingested, it will be excreted by both humans and biota. However, in aquatic systems, elemental mercury may be transformed into toxic methyl-mercury, which is directly bioavailable and often bioaccumulates in high trophic levels. The transformation of elemental mercury into methyl-mercury is still poorly understood, although it is thought to be a biological process that occurs in sediment and which may be facilitated by anoxic conditions and the presence of organic matter (Meech et al., 1998). Furthermore, work performed in the Amazon basin has indicated that mercury methylation is most likely to occur in so called ‘dark water ecosystems’: waters with low pH, low conductivity and high fulvic and humic acid contents. The fast flowing rivers of the upper Puyango catchment area are neutral or slightly alkaline and do not include areas where anoxic and organic rich sediment may be deposited. The waters are not obviously enriched in humic/fulvic substances. Nevertheless, mercury is found in significantly elevated levels in dobson fly larvae and fish, indicating that the methylation of mercury is occurring in the Puyango river system (Table 8, Table 9).",Yes,Subject→Object,Positive,"Informal / ASGM",Population-specific,,Probable,"[2022-migration] derived from prior manual coding workbook",Not reported,narrative only,Not reported,Not reported,Not reported,Original to this study,,"River sampling (water, sediment, biota) downstream of ASGM",Observation,Association,"Ecuador, Portovelo-Zaruma district in southern Ecuador",Country,"late 1990s sampling",snapshot,"Ecuador, Portovelo-Zaruma district in southern Ecuador; Informal / ASGM",Aquatic ecosystem
tarras-wahlberg2001,Discussion,v0.2.0-alpha,"gold mining",gold_mining,No,"cyanide pollution",cyanide_use,"The research presented in this paper shows that gold mining in the Portovelo-Zaruma mining district is severely impacting water quality and aquatic ecosystems in the Puyango river catchment. Although the mining and processing activities are small in scale, the poor management of tailings, mercury and cyanide ensures that the impacts are both severe and geographically extensive, reaching at least 160 km downstream of the mining district.",Yes,Subject→Object,Positive,"Informal / ASGM",Population-specific,,Probable,"[2022-migration] derived from prior manual coding workbook",Not reported,narrative only,Not reported,Not reported,Not reported,Original to this study,,"River sampling (water, sediment, biota) downstream of ASGM",Observation,Association,"Ecuador, Portovelo-Zaruma district in southern Ecuador",Country,"late 1990s sampling",snapshot,"Ecuador, Portovelo-Zaruma district in southern Ecuador; Informal / ASGM",Aquatic ecosystem
tarras-wahlberg2001,Discussion,v0.2.0-alpha,"gold mining",cyanide_use,No,"metal-rich tailings pollution",cyanide_pollution,"The research presented in this paper shows that gold mining in the Portovelo-Zaruma mining district is severely impacting water quality and aquatic ecosystems in the Puyango river catchment. Although the mining and processing activities are small in scale, the poor management of tailings, mercury and cyanide ensures that the impacts are both severe and geographically extensive, reaching at least 160 km downstream of the mining district.",Yes,Subject→Object,Positive,"Informal / ASGM",Population-specific,,Probable,"[2022-migration] derived from prior manual coding workbook",Not reported,narrative only,Not reported,Not reported,Not reported,Original to this study,,"River sampling (water, sediment, biota) downstream of ASGM",Observation,Association,"Ecuador, Portovelo-Zaruma district in southern Ecuador",Country,"late 1990s sampling",snapshot,"Ecuador, Portovelo-Zaruma district in southern Ecuador; Informal / ASGM",Aquatic ecosystem
tarras-wahlberg2001,Discussion,v0.2.0-alpha,"gold mining",mercury_use,No,"cyanide pollution",aquatic_mercury_pollution,"The research presented in this paper shows that gold mining in the Portovelo-Zaruma mining district is severely impacting water quality and aquatic ecosystems in the Puyango river catchment. Although the mining and processing activities are small in scale, the poor management of tailings, mercury and cyanide ensures that the impacts are both severe and geographically extensive, reaching at least 160 km downstream of the mining district.",Yes,Subject→Object,Positive,"Informal / ASGM",Population-specific,,Probable,"[2022-migration] derived from prior manual coding workbook",Not reported,narrative only,Not reported,Not reported,Not reported,Original to this study,,"River sampling (water, sediment, biota) downstream of ASGM",Observation,Association,"Ecuador, Portovelo-Zaruma district in southern Ecuador",Country,"late 1990s sampling",snapshot,"Ecuador, Portovelo-Zaruma district in southern Ecuador; Informal / ASGM",Aquatic ecosystem
tarras-wahlberg2001,Abstract,v0.2.0-alpha,"gold mining",mercury_use,No,"metal-rich tailings pollution",aquatic_mercury_pollution,"Gold mining in the Portovelo-Zaruma district in southern Ecuador is causing considerable environmental impacts; the most important ones are related to the discharge of cyanide, mercury and metal rich tailings into rivers of the Puyango catchment area. Cyanide and metal levels in rivers regularly exceed environmental quality criteria.",Yes,Subject→Object,Positive,"Informal / ASGM",Population-specific,,Probable,"[2022-migration] derived from prior manual coding workbook",Not reported,narrative only,Not reported,Not reported,Not reported,Original to this study,,"River sampling (water, sediment, biota) downstream of ASGM",Observation,Association,"Ecuador, Portovelo-Zaruma district in southern Ecuador",Country,"late 1990s sampling",snapshot,"Ecuador, Portovelo-Zaruma district in southern Ecuador; Informal / ASGM",Aquatic ecosystem
